Antigen.sequence,CDR3.alpha.aa,CDR3.beta.aa,Grade
TAAQAAVVRFQEAAN,CIEHTNSGGSNYKLTF,CASSLEETQYF,5
TAAQAAVVRFQEAAN,CIVHTNSGGSNYKLTF,CASSPEETQYF,5
TAAQAAVVRFQEAAN,CIVKTNSGGSNYKLTF,CASSFEETQYF,5
ADTLQSIGATTVASN,CAGAGGGGFKTIF,CASSVALASGANVLTF,5
ADTLQSIGATTVASN,CAGPTGGSYIPTF,CASSVALATGEQYF,5
ADTLQSIGATTVASN,CAGTNTGNQFYF,CASSVALQGVHTQYF,5
ADTLQSIGATTVASN,CAVGGLSGANKLTF,CASSVALAGAEYF,5
LLWNGPMAV,CAAADDKIIF,CASSQGTISYEQYF,4
LLWNGPMAV,CAACAEYGNKLVF,CASSVGGVTYNEQFF,4
LLWNGPMAV,CAAIDDKIIF,CASTDGGDSYTQYF,4
LLWNGPMAV,CAAIDDKIIF,CASTDGGDSYTQYF,4
LLWNGPMAV,CAAKDDKIIF,CATGAASSYEQYF,4
LLWNGPMAV,CAALDDKIIF,CASSQEGTPISYEQYF,4
LLWNGPMAV,CAANDYKLSF,CSATGNRGADTQYF,4
LLWNGPMAV,CAAPNDMRF,CASSQAGAYEQYF,4
LLWNGPMAV,CAAPNDMRF,CASSQAGAYEQYF,4
LLWNGPMAV,CAARANTDKLIF,CATSRESGNGKLFF,4
LLWNGPMAV,CAARVGSSASKIIF,CASSPTGPAYEQYF,4
LLWNGPMAV,CAASGANNLFF,CASSESPGYGYTF,4
LLWNGPMAV,CAASGGSYIPTF,CASSSGPAYEQYF,4
LLWNGPMAV,CAASSIQGAQKLVF,CASSPWDRANTGELFF,4
LLWNGPMAV,CAATDSWGKLQF,CASSVGGVPYNEQFF,4
LLWNGPMAV,CAATGANNLFF,CSASGARGADTQYF,4
LLWNGPMAV,CAAVASKIIF,CASSIKPDGYEQYF,4
LLWNGPMAV,CAAVPIQGAQKLVF,CASGTWGARQPQHF,4
LLWNGPMAV,CAAVPIQGAQKLVF,CASGTWGARQPQHF,4
LLWNGPMAV,CADHTGGFKTIF,CASSPGTGGYTEAFF,4
LLWNGPMAV,CADHTGGFKTIF,CASSPGTGGYTEAFF,4
LLWNGPMAV,CADHTGGFKTIF,CASSPGTGGYTEAFF,4
LLWNGPMAV,CADSSYKLIF,CASSYSTEAYEQYF,4
LLWNGPMAV,CAETRGNNRLAF,CASSVGGGREQFF,4
LLWNGPMAV,CAFSGYALNF,CASSYTGTGSQPQHF,4
LLWNGPMAV,CAFSGYALNF,CASSYTGTGSQPQHF,4
LLWNGPMAV,CAFTTDSWGKLQF,CASSQGQANEKLFF,4
LLWNGPMAV,CAGANEKLTF,CSAPTSGGPNEQFF,4
LLWNGPMAV,CAGAPNTGNQFYF,CASSPGQGPYEQYF,4
LLWNGPMAV,CAGAPNTGNQFYF,CASSPGQGPYEQYF,4
LLWNGPMAV,CAGAPNTGNQFYF,CASSPGQGPYEQYF,4
LLWNGPMAV,CAGAPNTGNQFYF,CASSPGQGPYEQYF,4
LLWNGPMAV,CAGGASKIIF,CASSATGTGGYEQYF,4
LLWNGPMAV,CAGGDDKIIF,CASSLPAAGYGYTF,4
LLWNGPMAV,CAGGDDKIIF,CASSPGLAYEQYF,4
LLWNGPMAV,CAGGDSTLTF,CASSQEGTSRPQHF,4
LLWNGPMAV,CAGNDYKLSF,CATSGGGAYEQYF,4
LLWNGPMAV,CAGPGT-GKSTF,CASSTRSSYEQYF,4
LLWNGPMAV,CAGPLDSNYQLIW,CATSESRGGGYGYTF,4
LLWNGPMAV,CAGSASKIIF,CASSPGTSGAYEQYF,4
LLWNGPMAV,CAGSASKIIF,CASSYSGGGNQPQHF,4
LLWNGPMAV,CAGSASKIIF,CASSYSGGGNQPQHF,4
LLWNGPMAV,CAGS-RLMF,CASSNQGASAYGYTF,4
LLWNGPMAV,CAGVPYNNNDMRF,CASGTGTPYNEQFF,4
LLWNGPMAV,CAGYMDTGRRALTF,CATSSASSYEQYF,4
LLWNGPMAV,CAGYMDTGRRALTF,CATSSASSYEQYF,4
LLWNGPMAV,CAKSASKIIF,CASSEALGSTSYEQYF,4
LLWNGPMAV,CALAPDKLIF,CASSSQGLSTEAFF,4
LLWNGPMAV,CALAPDKLIF,CASSSQGLSTEAFF,4
LLWNGPMAV,CALKDYGQNFVF,CASSLYPGTAEGGYTF,4
LLWNGPMAV,CALNDDKIIF,CASGTEIFYYEQYF,4
LLWNGPMAV,CALNDDKIIF,CASGTEIFYYEQYF,4
LLWNGPMAV,CALNTGGFKTIF,CASSLFPDNYGYTF,4
LLWNGPMAV,CALSGGYNKLIF,CASSPTGQGAHGYTF,4
LLWNGPMAV,CALTGGKLIF,CASSQGGDGYGYTF,4
LLWNGPMAV,CALTPDYKLSF,CASSRQGGYGYTF,4
LLWNGPMAV,CALTPDYKLSF,CASSRQGGYGYTF,4
LLWNGPMAV,CALWGFQKLVF,CASSPAGQGAGTGELFF,4
LLWNGPMAV,CAMSGGKLIF,CATSRASGSYEQYF,4
LLWNGPMAV,CAPSGGKLIF,CSASGDRGADTQYF,4
LLWNGPMAV,CARRGAAGNKLTF,CASSPSAGDYEQYF,4
LLWNGPMAV,CASEDDKIIF,CSGGLKADTQYF,4
LLWNGPMAV,CASGDDKIIF,CASSAGQGYEQYF,4
LLWNGPMAV,CASSDSRGTEAFF,CASSDSRGTEAFF,4
LLWNGPMAV,CATDAQTGANNLFF,CASSLYPLGFGYTF,4
LLWNGPMAV,CATDATRDDKIIF,CASSLGGAPYNEQFF,4
LLWNGPMAV,CATDDQGAQKLVF,CASSVGGVPYNEQFF,4
LLWNGPMAV,CATDHQGAQKLVF,CASSVGGVPYNEQFF,4
LLWNGPMAV,CATDPNTGGFKTIF,CASSYPNQPQHF,4
LLWNGPMAV,CATDPNTGGFKTIF,CASSYPNQPQHF,4
LLWNGPMAV,CATDPNTGGFKTIF,CASSYPNQPQHF,4
LLWNGPMAV,CATDPNTGGFKTIF,CASSYPNQPQHF,4
LLWNGPMAV,CATDRWDSNYQLIW,CASSFPNQPQHF,4
LLWNGPMAV,CATDRWDSNYQLIW,CASSFPNQPQHF,4
LLWNGPMAV,CATDSLSYNTDKLIF,CASSAYNEQFF,4
LLWNGPMAV,CATGDDKIIF,CSVPTSGGSNEQFF,4
LLWNGPMAV,CATSGTYKYIF,CATSRAGAYEQYF,4
LLWNGPMAV,CAVAAYKYIF,CASSGGQAYEQYF,4
LLWNGPMAV,CAVDEIKAAGNKLTF,CASSLGAYNSPLHF,4
LLWNGPMAV,CAV-DGQKLLF,CASSHGQGAYEQYF,4
LLWNGPMAV,CAV-DGQKLLF,CAVGAGATYEQYF,4
LLWNGPMAV,CAV-DGQKLLF,CAVGAGATYEQYF,4
LLWNGPMAV,CAV-DGQKLLF,CAVGAGATYEQYF,4
LLWNGPMAV,CAV-DGQKLLF,CAVGAGATYEQYF,4
LLWNGPMAV,CAV-DGQKLLF,CAVGAGATYEQYF,4
LLWNGPMAV,CAVDMEYGNKLVF,CASSQGGYGYTF,4
LLWNGPMAV,CAVDSGNTPLVF,CASSPRQGNDEQYF,4
LLWNGPMAV,CAVDSGNTPLVF,CASSPRQGNDEQYF,4
LLWNGPMAV,CAVDSTDKLIF,CASSLGGASYEQYF,4
LLWNGPMAV,CAVDSTDKLIF,CASSLGGASYEQYF,4
LLWNGPMAV,CAVEDDKIIF,CASSVKAGGNEQYF,4
LLWNGPMAV,CAVEGGKLIF,CSVEGRGTDTQYF,4
LLWNGPMAV,CAVEPVGGNTPLVF,CASTPGQALNEQYF,4
LLWNGPMAV,CAVEPVGGNTPLVF,CASTPGQALNEQYF,4
LLWNGPMAV,CAVEPVGGNTPLVF,CASTPGQALNEQYF,4
LLWNGPMAV,CAVEPVGGNTPLVF,CASTPGQALNEQYF,4
LLWNGPMAV,CAVEPVGGNTPLVF,CASTPGQALNEQYF,4
LLWNGPMAV,CAVEPVGGNTPLVF,CASTPGQALNEQYF,4
LLWNGPMAV,CAVEPVGGNTPLVF,CASTPGQALNEQYF,4
LLWNGPMAV,CAVEPVGGNTPLVF,CASTPGQALNEQYF,4
LLWNGPMAV,CAVGADGLTF,CASSNGQ-YEQYF,4
LLWNGPMAV,CAVGAQKLVF,CAISEVLTGAYGYTF,4
LLWNGPMAV,CAVGASKIIF,CASSIAPSGVAYEQYF,4
LLWNGPMAV,CAVGDDKIIF,CAISESPSGALGQFF,4
LLWNGPMAV,CAVGDDKIIF,CASSPGTGAYEQYF,4
LLWNGPMAV,CAVGDDKIIF,CASSPQGAYGYTF,4
LLWNGPMAV,CAVGDDKIIF,CASSSRTGDTQYF,4
LLWNGPMAV,CAVGDDKIIF,CASSYVRASYGYTF,4
LLWNGPMAV,CAVGDDKIIF,CSAPASGGGNEQFF,4
LLWNGPMAV,CAVGDDKIIF,CSAPLAGGHNEQFF,4
LLWNGPMAV,CAVGDDKIIF,CSAPTSGGHNEQFF,4
LLWNGPMAV,CAVGDDKIIF,CSAPTSGGSNEQFF,4
LLWNGPMAV,CAVGGGKLIF,CASSEAVLGGNSYEQYF,4
LLWNGPMAV,CAVGGGKLIF,CASSTGATGSNNEQFF,4
LLWNGPMAV,CAVGGGKLIF,CASSTGATGSNNEQFF,4
LLWNGPMAV,CAVGGGKLIF,CSAAGDRGADTQYF,4
LLWNGPMAV,CAV-GKSTF,CASSPGTVAYEQYF,4
LLWNGPMAV,CAVGNYQLIW,CASSDLAGGTDTQYF,4
LLWNGPMAV,CAVGTYKYIF,CSATEAGGPGNEQFF,4
LLWNGPMAV,CAVIAGKSTF,CSVATSGGSNEQFF,4
LLWNGPMAV,CAVIGDKIIF,CASSLGSTGTYEQYF,4
LLWNGPMAV,CAVKDDKIIF,CASTGTGGFSYNEQFF,4
LLWNGPMAV,CAVKGDDKIIF,CASSFYGREAFF,4
LLWNGPMAV,CAVMDDKIIF,CASSAAGNQPQHF,4
LLWNGPMAV,CAVMDDKIIF,CASSAAGNQPQHF,4
LLWNGPMAV,CAVMDDKIIF,CASSQEVAYEQYF,4
LLWNGPMAV,CAVNDYKLSF,CASSPNSAGGTEAFF,4
LLWNGPMAV,CAVNEQSSGSARQLTF,CASSYSEQGYGYTF,4
LLWNGPMAV,CAVNGDGQKLLF,CAWGYQITGSAYGYTF,4
LLWNGPMAV,CAVNGDTDKLIF,CASSPSGGAYGYTF,4
LLWNGPMAV,CAVNGDTDKLIF,CASSPSGGAYGYTF,4
LLWNGPMAV,CAVNGNQFYF,CASSPQTGAVTEAFF,4
LLWNGPMAV,CAVNPDGKLIF,CSVPSRGYAGELFF,4
LLWNGPMAV,CAVNPETSYDKVIF,CSASEAGGSYEQYF,4
LLWNGPMAV,CAVNQGGKLIF,CASTPSPSRPPLF,4
LLWNGPMAV,CAVNQGGKLIF,CASTPSPSRPPLF,4
LLWNGPMAV,CAVN-RLMF,CASSLKGNTEAFF,4
LLWNGPMAV,CAVN-RLMF,CASSLKLNTEAFF,4
LLWNGPMAV,CAVN-RLMF,CASSSTQGAAYGYTF,4
LLWNGPMAV,CAVNSDGQKLLF,CASSGQGGYEQYF,4
LLWNGPMAV,CAVNSDGQKLLF,CASSGQGGYEQYF,4
LLWNGPMAV,CAVNSDGQKLLF,CASSGQGGYEQYF,4
LLWNGPMAV,CAVNSDGQKLLF,CASSGQGGYEQYF,4
LLWNGPMAV,CAVNSDKLIF,CSVSGERGTDTQYF,4
LLWNGPMAV,CAVNTDKLIF,CSVDRRADEQFF,4
LLWNGPMAV,CAV-PTDSWGKLQF,CASSKQGESNSPLHF,4
LLWNGPMAV,CAV-PTDSWGKLQF,CASSKQGESNSPLHF,4
LLWNGPMAV,CAV-PTDSWGKLQF,CASSKQGESNSPLHF,4
LLWNGPMAV,CAVQADYGGATNKLIF,CASSLASGGALYNEQFF,4
LLWNGPMAV,CAVRAYYGGSQGNLIF,CASSQEAGGGTGELFF,4
LLWNGPMAV,CAVRDDKIIF,CSGGDGNTIYF,4
LLWNGPMAV,CAVRTYNYGQNFVF,CASSLEGQGAPGQPQHF,4
LLWNGPMAV,CAVRTYNYGQNFVF,CASSLEGQGAPGQPQHF,4
LLWNGPMAV,CAVRTYNYGQNFVF,CASSLEGQGAPGQPQHF,4
LLWNGPMAV,CAVRTYNYGQNFVF,CASSLEGQGAPGQPQHF,4
LLWNGPMAV,CAVRTYNYGQNFVF,CASSLEGQGAPGQPQHF,4
LLWNGPMAV,CAVSASKIIF,CASNTGTDSYEQYF,4
LLWNGPMAV,CAVSASKIIF,CASSDQTGDAYEQYF,4
LLWNGPMAV,CAVSDDKIIF,CASSDKFAGNPQPQHF,4
LLWNGPMAV,CAVSDDKIIF,CASSPAGVSYEQYF,4
LLWNGPMAV,CAVSDDKIIF,CASSPGPTSYEQYF,4
LLWNGPMAV,CAVSDYKLSF,CASSSSGTAYGYTF,4
LLWNGPMAV,CAVSDYKLSF,CASSSSGTAYGYTF,4
LLWNGPMAV,CAVSDYKLSF,CSVGGGGAGVETQYF,4
LLWNGPMAV,CAVSGDDMRF,CASSAGTVSYEQYF,4
LLWNGPMAV,CAVSGDDMRF,CASSAGTVSYEQYF,4
LLWNGPMAV,CAVSGDDMRF,CASSAGTVSYEQYF,4
LLWNGPMAV,CAVSGDDMRF,CASSAGTVSYEQYF,4
LLWNGPMAV,CAVSGDKIIF,CASSSGSPGSYGYTF,4
LLWNGPMAV,CAVSGDKIIF,CASSSGSPGSYGYTF,4
LLWNGPMAV,CAVSGGKLIF,CASSPQGFSYEQYF,4
LLWNGPMAV,CAVSGGKLIF,CASSPQGFSYEQYF,4
LLWNGPMAV,CAVSGGKSTF,CSVQRRADEQFF,4
LLWNGPMAV,CAVSGNKLVF,CASSPAAGGAYEQYF,4
LLWNGPMAV,CAVSGQKLLF,CSASDNMVGAYEQYF,4
LLWNGPMAV,CAVSGSARQLTF,CASSVATEGYEQYF,4
LLWNGPMAV,CAVSGSASKIIF,CASSQGPAAYEQYF,4
LLWNGPMAV,CAVSGTYKYIF,CASSQGTSGNEQFF,4
LLWNGPMAV,CAVSGYSTLTF,CASSAQGAYGYTF,4
LLWNGPMAV,CAVSPDKLIF,CASSPSAGPGYGYTF,4
LLWNGPMAV,CAVSPHKVIF,CASSSGTVSYEQYF,4
LLWNGPMAV,CAVS-RLMF,CATSRATSNQPQHF,4
LLWNGPMAV,CAVSSDKIIF,CSASLKADEQFF,4
LLWNGPMAV,CAVSSNDYKLSF,CASSETGQPQHF,4
LLWNGPMAV,CAVSSTDKLIF,CSAPLAGGPNEQFF,4
LLWNGPMAV,CAVSTDKLIF,CASSLKLAGTDTQYF,4
LLWNGPMAV,CAVSTDKLIF,CASSPGGVSYGYTF,4
LLWNGPMAV,CAVSTDKLIF,CASSPGGVSYGYTF,4
LLWNGPMAV,CAVSTDKLIF,CASSQTGTGAYEQYF,4
LLWNGPMAV,CAVSTDSGSARQLTF,CASSPGLGTYEQYF,4
LLWNGPMAV,CAVTASKLTF,CASSAGQESYEQYF,4
LLWNGPMAV,CAVTDDKIIF,CASSETGTQAYEQYF,4
LLWNGPMAV,CAVTGDDKIIF,CASSGQGAYGYTF,4
LLWNGPMAV,CAVTGDDKIIF,CASSPSGGAYGYTF,4
LLWNGPMAV,CAVTGDDKIIF,CASSSQGAYGYTF,4
LLWNGPMAV,CAVTGDDKIIF,CASTRQGAYEQYF,4
LLWNGPMAV,CAVTGDDKIIF,CASTRQGAYEQYF,4
LLWNGPMAV,CAVTGDDKIIF,CASTRQGAYEQYF,4
LLWNGPMAV,CAVTGDDKIIF,CASTRQGAYEQYF,4
LLWNGPMAV,CAVTGDKIIF,CASSGGTSGAYEQYF,4
LLWNGPMAV,CAVTGDKIIF,CASSGGTSGAYEQYF,4
LLWNGPMAV,CAVTGDKLIF,CALSDLGGSGNTGKLIF,4
LLWNGPMAV,CAVTGDKLIF,CALSDLGGSGNTGKLIF,4
LLWNGPMAV,CAVTGDKLIF,CALSDLGGSGNTGKLIF,4
LLWNGPMAV,CAVTGDQFYF,CASSPGHAYEQYF,4
LLWNGPMAV,CAVTGNEKLTF,CASSYSSSGGAYEQYF,4
LLWNGPMAV,CAVTGNTDKLIF,CASSSAGAAYEQYF,4
LLWNGPMAV,CAVTGNTDKLIF,CASSSAGAAYEQYF,4
LLWNGPMAV,CAVTGTYKYIF,CASSRSGNYGYTF,4
LLWNGPMAV,CAVTGYALNF,CASRPGQGYEQYF,4
LLWNGPMAV,CAVTGYSTLTF,CASSGQGAYEQYF,4
LLWNGPMAV,CAVTGYSTLTF,CASSGQGAYEQYF,4
LLWNGPMAV,CAVTGYSTLTF,CASSGQGAYEQYF,4
LLWNGPMAV,CAVTGYSTLTF,CASSGQGAYGYTF,4
LLWNGPMAV,CAVTGYSTLTF,CASSGQGAYGYTF,4
LLWNGPMAV,CAVTKGLTGGGNKLTF,CASSGRDRQNTEAFF,4
LLWNGPMAV,CAVTPDDKIIF,CASSTGTAAYEQYF,4
LLWNGPMAV,CAVTPDDKIIF,CASSTGTAAYEQYF,4
LLWNGPMAV,CAVTRNNDMRF,CASSWGGAYEQYF,4
LLWNGPMAV,CAVTSARLMF,CASSAQGDSYEQYF,4
LLWNGPMAV,CAVTSDKLIF,CASSAGTGAYEQYF,4
LLWNGPMAV,CAVTTDKLIF,CASSVAGGAYEQYF,4
LLWNGPMAV,CAVVDPSDGYNKLIF,CASSAGGTPDQPQHF,4
LLWNGPMAV,CAVVPNTGNQFYF,CATSGGTSYEQFF,4
LLWNGPMAV,CAYSTDSWGKLQF,CASSQGQLNQPQHF,4
LLWNGPMAV,CILRDGWVTGYKYIF,CANNCGFF,4
LLWNGPMAV,CIVREWDNYGQNFVF,CASSQVAKMAKDNYGYTF,4
LLWNGPMAV,CLVGDNLDSSYKLIF,CATTGGSGYEQYF,4
LLWNGPMAV,CLVGSPFPTSGTYKYIF,CASSVAPGRDGYTF,4
LLWNGPMAV,CLVGSPFPTSGTYKYIF,CASSVAPGRDGYTF,4
LLWNGPMAV,CVGAGSYQLTF,CASSGTGVSPLHF,4
LLWNGPMAV,CVVADSKLTF,CSVTGERGTDTQYF,4
LLWNGPMAV,CVVEGDKVIF,CASSHSGYEQFF,4
LLWNGPMAV,CVVGDDKIIF,CASSGGTADTQYF,4
LLWNGPMAV,CVVGDDKIIF,CASSPAGAYGYTF,4
LLWNGPMAV,CVVGDDKIIF,CASSPAGAYGYTF,4
LLWNGPMAV,CVV-HDMRF,CATSSGTGAYEQYF,4
LLWNGPMAV,CVVHQWGNLIF,CSVVLVDRGADTQYF,4
LLWNGPMAV,CVVIHDKIIF,CASSPGTAYEQYF,4
LLWNGPMAV,CVVNEKEGNMLTF,CSVGEGLAYEQYF,4
LLWNGPMAV,CVVNTDKLIF,CASSGSSGYEQYF,4
LLWNGPMAV,CVVSAESGYSTLTF,CASSQLGNEQFF,4
LLWNGPMAV,CVVSDYKLSF,CASTPGTGAYEQYF,4
LLWNGPMAV,CVVSGFKTIF,CASSDTDRGIYGYTF,4
LLWNGPMAV,CVVSGFKTIF,CASSDTDRGIYGYTF,4
LLWNGPMAV,CVVSSVRGSYIPTF,CASSVDGGGGGYNEQFF,4
LLWNGPMAV,CVVSVGVLYSTLTF,CASSSGRTEHNEQFF,4
LLWNGPMAV,CVVTDDKIIF,CASNGGLAYEQYF,4
LLWNGPMAV,CVVTDDKIIF,CASNGGLAYEQYF,4
RPRGEVRFL,CAEGDSWGKLQF,CATSEAASSWTGELF,4
RPRGEVRFL,CAEGDSWGKLQF,CSALRDNYNSPLHF,4
RPRGEVRFL,CAEIAGGYNKLIF,CAWTETGLSGNTIYF,4
RPRGEVRFL,CAFGRGAQKLVF,CASRPQGANEKLF,4
RPRGEVRFL,CAFGRGAQKLVF,CATRIGWGTDTQYF,4
RPRGEVRFL,CAFGRGAQKLVF,CATRIGWGTDTQYF,4
RPRGEVRFL,CAFGRGAQKLVF,CATRIGWGTDTQYF,4
RPRGEVRFL,CAFMKANSGGSNYKLTF,CASSVWGTDTQYF,4
RPRGEVRFL,CAFMKHASGGSNYKLTF,CASSVWGTDTQYF,4
RPRGEVRFL,CAFMKPAGGGGDYKLTF,CASSVWGTDTQYF,4
RPRGEVRFL,CAFMKSGYALNF,CAWTETGLSGNTIYF,4
RPRGEVRFL,CAGVRGGADGLTF,CASSPYQTGLDGYTF,4
RPRGEVRFL,CALDSDGQKLLF,CASSTDSVDEQF,4
RPRGEVRFL,CALDSDGQKLLF,CASSTDSVDEQF,4
RPRGEVRFL,CALGGDYGGSQGNLIF,CASREWGGTDTQYF,4
RPRGEVRFL,CALKISGSGYALNF,CASRKTGGGEAF,4
RPRGEVRFL,CALMTTDSWGKLQF,CASRLQGINEKLF,4
RPRGEVRFL,CALMTTDSWGKLQF,CASRLQGINEKLF,4
RPRGEVRFL,CALSEADSWGKLQF,CASRMQGRDNEQF,4
RPRGEVRFL,CALSEADSWGKLQF,CASRMQGRDNEQF,4
RPRGEVRFL,CALSEADSWGKLQF,CASRRQGRDNEQF,4
RPRGEVRFL,CALSEADSWGKLQF,CASRVQGRDNEQF,4
RPRGEVRFL,CALSEADSWGKLQF,CASSVWGTDTQYF,4
RPRGEVRFL,CALSEAGGDSWGKLQF,CASRRQGRDNEQF,4
RPRGEVRFL,CALSEANSWGKLQF,CASRPQGRDNEQF,4
RPRGEVRFL,CALSEASSWGKLQF,CASRVQGRDNEQF,4
RPRGEVRFL,CALSGSGDSWGKLQF,CASRPQGREETQYF,4
RPRGEVRFL,CALSGSTDSWGKLQF,CASRPQGRDQPQHF,4
RPRGEVRFL,CALSGTTDSWGKLQF,CASSVWGTDTQYF,4
RPRGEVRFL,CATDPSNTGNQFYF,CASSQEVAGATGELF,4
RPRGEVRFL,CAVKTTDSWGKLQF,CAISDPGDTQYF,4
RPRGEVRFL,CAVRDTNTGKSTF,CASRRQGRDNEQF,4
RPRGEVRFL,CAVRDTNTGKSTF,CASSLGGLGDTQYF,4
RPRGEVRFL,CAVRDTNTGKSTF,CASSVIGATYEQYF,4
RPRGEVRFL,CAVRDTNTGKSTF,CASSVWGTDTQYF,4
RPRGEVRFL,CAVRDTNTGKSTF,CASSVWGTDTQYF,4
RPRGEVRFL,CAVRDTNTGKSTF,CATRIGWGTDTQYF,4
RPRGEVRFL,CAVRDTNTGKSTF,CATRIGWGTDTQYF,4
RPRGEVRFL,CAVRDTNTGKSTF,CATRIGWGTDTQYF,4
RPRGEVRFL,CAVSGEYGNKLVF,CASSSTPLSTDTQYF,4
RPRGEVRFL,CAYSRLGTDQLIF,CASRLTGEKQETQYF,4
RPRGEVRFL,CFLVGPQGSSASKIIF,CATRIGWGTDTQYF,4
RPRGEVRFL,CILRGSGTYKYIF,CASRIWGGADTQYF,4
RPRGEVRFL,CLVGASGAGSYQLTF,CASSDSYRGSYNEQF,4
RPRGEVRFL,CLVGASGAGSYQLTF,CASSVWGTDTQYF,4
RPRGEVRFL,CLVGNGGATNKLIF,CAISDPSGSSYNEQF,4
RPRGEVRFL,CLVGNGGATNKLIF,CASSVWGTDTQYF,4
RPRGEVRFL,CLVGSVGAGSYQLTF,CATRIGWGTDTQYF,4
RPRGEVRFL,CTLYSKAGSYQLTF,CASRLIGGGTEAF,4
RPRGEVRFL,CVASGGTGKLIF,CATSEAASSWTGELF,4
RPRGEVRFL,CVASGGTGKLIF,CATSEAASSWTGELF,4
RPRGEVRFL,CVVSGKNTGFQKLVF,CASSVQALLAGDWADTQYF,4
CINGVCWTV,CAFMITGAGSYQLTF,CASSLQEWDPNYGYTF,5
CINGVCWTV,CALSVVNQAGTALIF,CASSLVENTEAF,5
CINGVCWTV,CAMREHTSGTYKYIF,CASSDSLVRGYQETQYF,5
CINGVCWTV,CAVEDTGGFKTIF,CASSSSMESGNTIYF,5
KAFSPEVIPMF,CAASGGYQKVTF,CASSGQGYGYAF,4
KAFSPEVIPMF,CAASGGYQKVTF,CATTGTYGYTF,4
KAFSPEVIPMF,CAAYGGYQKVTF,CASSGQDYGYTF,4
KAFSPEVIPMF,CAESGGYQKTVF,CASSGQSYGYAF,4
KAFSPEVIPMF,CAESGGYQKVTF,CASSGQGGYTF,4
KAFSPEVIPMF,CAESGGYQKVTF,CATTGSYGYTF,4
KAFSPEVIPMF,CAESPGGKLIF,CASSREVYGYTF,4
KAFSPEVIPMF,CAGSGGYQKVTF,CASSGGSYGYTF,4
KAFSPEVIPMF,CAGSGGYQKVTF,CASTGTAYGYTF,4
KAFSPEVIPMF,CALSGGYQKVTF,CASTGTDYGYTF,4
KAFSPEVIPMF,CAMSGGYQKVTF,CASSGQNYGYTF,4
KAFSPEVIPMF,CAVSGGYQKVTF,CASSLTAPDTDAF,4
KAFSPEVIPMF,CAVSGGYQKVTF,CASTGGGYGYTF,4
KAFSPEVIPMF,CAVSGTYQKVTF,CATTDTYGYTF,4
KAFSPEVIPMF,CAASLNSGGYQKVTF,CASSGTASFDEQF,4
KAFSPEVIPMF,CAESTGNQF,CASSGQNYGYTF,4
KAFSPEVIPMF,CAESTGYQKVTF,CASTGGQYGYTF,4
KAFSPEVIPMF,CAMRDPRSKIIF,CATSDLRGGKF,4
KAFSPEVIPMF,CAMRDSVAAGNKLTF,CASSSLIRGLGNQPQHF,4
KAFSPEVIPMF,CAMREGVNQGGKLIF,CASEAGNTIYF,4
KAFSPEVIPMF,CAMREGVNQGGKLIF,CASSVGEGFDIQYF,4
KAFSPEVIPMF,CAMRESISSGSARQLTF,CASSGTTSFDEQF,4
KAFSPEVIPMF,CAMRESISSGSARQLTF,CASSRQGFTF,4
KAFSPEVIPMF,CAMRESISSGSARQLTF,CSARPQGQTVALHF,4
KAFSPEVIPMF,CAMRESTSSGSARQLTF,CSARPGQGTVALHF,4
KAFSPEVIPMF,CAMRESVAGANNLF,CASSESRMGSQANYGYTF,4
KAFSPEVIPMF,CAMRESVSGANNLF,CASEDSSDGANYGYTF,4
KAFSPEVIPMF,CAMRESVSGANNLF,CSARAGTKTYEQYF,4
KAFSPEVIPMF,CAMRESVSGNNRLAF,CVSEDSSDGANYGYTF,4
KAFSPEVIPMF,CAMRESVSGVNNLFF,CASSPDRARDGYTF,4
KAFSPEVIPMF,CAMRESVSGYNKLIF,CASSLGASISYEQYF,4
KAFSPEVIPMF,CAMRESVSSGSARQLTF,CASSSWEGLDTQYF,4
NFIRMVISNPAAT,CAALNTDKLIF,CASSLVGRDTEAF,4
NFIRMVISNPAAT,CAGSGGYQKVTF,CASAGPGANVLTF,4
NFIRMVISNPAAT,CAGSGGYQKVTF,CASGQVLSSGSNPSDTQYF,4
NFIRMVISNPAAT,CAGSGGYQKVTF,CASKGTVYNEQF,4
NFIRMVISNPAAT,CAGSGGYQKVTF,CASSFTEGYTF,4
NFIRMVISNPAAT,CAGSGGYQKVTF,CASSLAGGEPF,4
NFIRMVISNPAAT,CAGSGGYQKVTF,CPSPLVGGGRF,4
NFIRMVISNPAAT,CALQTGANNLFF,CASSGRALYNEQF,4
NFIRMVISNPAAT,CAVNTGNQFYF,CASSLALHEQF,4
NFIRMVISNPAAT,CAVNTGNQFYF,CASSLLMAAGYTF,4
NFIRMVISNPAAT,CILRDVWSNFGNEKLTF,CASRKDSSGNTIYF,4
NFIRMVISNPAAT,CILRDVWSNFGNEKLTF,CFSRPITDRNEQNF,4
NFIRMVISNPAAT,CVANKILQASKLF,CASSNGQGAETQYF,4
KRGIVEQCCTSISSL,CAVGALAGTASKLTF,CSVEATRADTQYF,5
KRGIVEQSSTSISSL,CADAGGTSYKLF,CASSLATSGGGSDTQYF,5
KRGIVEQSSTSISSL,CAVVNMDSNYQLIW,CASSLATSGGGSDTQYF,5
KRGIVEQSSTSISSL,CIPGSEEYGNKLVF,CASSLATSGGGSDTQYF,5
GILGFVFTL,CAAENNNDMRF,CASSLGTSYEQYF,4
GILGFVFTL,CAAETTSGTYKYIF,CASSPIAGSSYEQYF,4
GILGFVFTL,CAAGGSQGNLIF,CASSIRSSYEQYF,4
GILGFVFTL,CAAGGSQGNLIF,CASSIRSSYEQYF,4
GILGFVFTL,CAAGGSQGNLIF,CASSVRSSYEQYF,4
GILGFVFTL,CAAISDYKLSF,CASSIRSSYEQYF,4
GILGFVFTL,CAANYGGSQGNLIF,CASSLRSSYEQYF,4
GILGFVFTL,CAAPYSGGGADGLTF,CATSDYVSGTLQETQYF,4
GILGFVFTL,CAASAFLGGSEKLVF,CATSERGDLNFGTDTQYF,4
GILGFVFTL,CAASAGGGSQGNLIF,CASSIRASYEQYF,4
GILGFVFTL,CAASEGGGSQGNLIF,CASSIRSSYEQYF,4
GILGFVFTL,CAASGGTGNQFYF,CASRLAGSHEQYF,4
GILGFVFTL,CAASGSS-GNMLTF,CASRSGREAFF,4
GILGFVFTL,CAASSNTGKLIF,CASSSRSSYEQYF,4
GILGFVFTL,CACNYGGSQGNLIF,CASSIRSTDTQYF,4
GILGFVFTL,CAEEHDRMYSGGGADGLTF,CASSVRSSYEQYF,4
GILGFVFTL,CAEGGSGGSQGNLIF,CASSMRSDEKLFF,4
GILGFVFTL,CAEISSGGSYIPTF,CASSTIEGQGGRHTQYF,4
GILGFVFTL,CAEIWDYGQNFVF,CASSWEGINYGYTF,4
GILGFVFTL,CAENEGGGSQGNLIF,CASSIRSAGRAFF,4
GILGFVFTL,CAENGGGSTLGRLYF,CASSTRSTDTQYF,4
GILGFVFTL,CAENIGGGSQGNLIF,CASSMRSGETQYF,4
GILGFVFTL,CAENMGGGSQGNLIF,CASSDRAGNEQFF,4
GILGFVFTL,CAENMGGGSQGNLIF,CASSVRAGETQYF,4
GILGFVFTL,CAENNGGGSQGNLIF,CASSDRSGNEQFF,4
GILGFVFTL,CAENYGGSQGNLIF,CASSIRSSYEQYF,4
GILGFVFTL,CAESIGRGSQGNLIF,CASSIRSGVEQYF,4
GILGFVFTL,CAFL-GKSTF,CASSDAGGGMAEAFF,4
GILGFVFTL,CAFMIGAGGTSYGKLTF,CASSIGSYGYTF,4
GILGFVFTL,CAFMIGAGGTSYGKLTF,CASSQGAFGYTF,4
GILGFVFTL,CAFMLGAGGTSYGKLTF,CASSIGYYGYTF,4
GILGFVFTL,CAFMS-GGTSYGKLTF,CASSIGVYGYTF,4
GILGFVFTL,CAFMSSPGGTSYGKLTF,CASSIGVYGYTF,4
GILGFVFTL,CAFSMEYGNKLVF,CASSGQGGTEAFF,4
GILGFVFTL,CAFSSNYQLIW,CASSLLGGAGTDTQYF,4
GILGFVFTL,CAFSSNYQLIW,CASSLLGRAGTDTQYF,4
GILGFVFTL,CAGAAGSSNTGKLIF,CASSIRSAYEQYF,4
GILGFVFTL,CAGADGGSQGNLIF,CASSGRAAGELFF,4
GILGFVFTL,CAGADGGSQGNLIF,CASSGRSAGELFF,4
GILGFVFTL,CAGADGGSQGNLIF,CASSGRSTDTQYF,4
GILGFVFTL,CAGADGGSQGNLIF,CASSSRSAGELFF,4
GILGFVFTL,CAGADGGSQGNLIF,CASSSRSANEQFF,4
GILGFVFTL,CAGAFGSSNTGKLIF,CASSIRSAYEQYF,4
GILGFVFTL,CAGAFGSSNTGKLIF,CASSIRSSYEQYF,4
GILGFVFTL,CAGAFGSSNTGKLIF,CASSIRSSYEQYF,4
GILGFVFTL,CAGAGDGGSQGNLIF,CASSMRAGYEQYF,4
GILGFVFTL,CAGAGDNTGKLIF,CASSVRSSYEQYF,4
GILGFVFTL,CAGAGGGSQGNLIF,CASSFRSTDTQYF,4
GILGFVFTL,CAGAGGGSQGNLIF,CASSGRSADTQYF,4
GILGFVFTL,CAGAGGGSQGNLIF,CASSGRSTDTQYF,4
GILGFVFTL,CAGAGGGSQGNLIF,CASSIRATGELFF,4
GILGFVFTL,CAGAGGGSQGNLIF,CASSIRSGYEQYF,4
GILGFVFTL,CAGAGGGSQGNLIF,CASSKRSTDTQYF,4
GILGFVFTL,CAGAGGGSQGNLIF,CASSKRSTGELFF,4
GILGFVFTL,CAGAGGGSQGNLIF,CASSRRSTDTQYF,4
GILGFVFTL,CAGAGGGSQGNLIF,CASSSRATGELFF,4
GILGFVFTL,CAGAGGGSQGNLIF,CASSSRSTDTQYF,4
GILGFVFTL,CAGAGQGGSQGNLIF,CASSFYSNQPQHF,4
GILGFVFTL,CAGAGSQGNLIF,CASSSRSAYEQYF,4
GILGFVFTL,CAGAGSQGNLIF,CASSSRSSYEQYF,4
GILGFVFTL,CAGAGSQGNLIF,CASSTRSSYEQYF,4
GILGFVFTL,CAGAGSQGNLIF,CASSVRSSYEQYF,4
GILGFVFTL,CAGAHGSSNTGKLIF,CASSIRSAYEQYF,4
GILGFVFTL,CAGAHGSSNTGKLIF,CASSIRSAYEQYF,4
GILGFVFTL,CAGAIGSSNTGKLIF,CASSVRSSYEQYF,4
GILGFVFTL,CAGALGGSQGNLIF,CASSSRSSYEQYF,4
GILGFVFTL,CAGALGSSNTGKLIF,CASSIRSAYEQYF,4
GILGFVFTL,CAGALT-GKSTF,CASSIRASYEQYF,4
GILGFVFTL,CAGALTGYGGSQGNLIF,CASSIRSSYEQYF,4
GILGFVFTL,CAGAMGGGSQGNLIF,CASSIRASYEQYF,4
GILGFVFTL,CAGAMGSSNTGKLIF,CASSIRSAYEQYF,4
GILGFVFTL,CAGAPGSSNTGKLIF,CASSTRSSYEQYF,4
GILGFVFTL,CAGAPRTSGTYKYIF,CASSILTGPRTEAFF,4
GILGFVFTL,CAGAPSSSNTGKLIF,CASSIRSAYEQYF,4
GILGFVFTL,CAGARAGGTSYGKLTF,CSARVRGDVYGYTF,4
GILGFVFTL,CAGASGGGSQGNLIF,CASSGRSTDTQYF,4
GILGFVFTL,CAGASGNTGKLIF,CASSIRSSYEQYF,4
GILGFVFTL,CAGASGSSNTGKLIF,CASSIRSAYEQYF,4
GILGFVFTL,CAGASGSSNTGKLIF,CASSIRSGWEQYF,4
GILGFVFTL,CAGASGSSNTGKLIF,CASSIRSSYEQYF,4
GILGFVFTL,CAGATGGSQGNLIF,CASSIRSDYEQYF,4
GILGFVFTL,CAGATGNTGKLIF,CASSTRSGYEQYF,4
GILGFVFTL,CAGAVGSSNTGKLIF,CASSIRSAYEQYF,4
GILGFVFTL,CAGAVGSSNTGKLIF,CASSIRSGYEQYF,4
GILGFVFTL,CAGAVGSSNTGKLIF,CASSIRSSYEQYF,4
GILGFVFTL,CAGAVGSSNTGKLIF,CASSIRSSYEQYF,4
GILGFVFTL,CAGAYGGSQGNLIF,CASSIRSTGELFF,4
GILGFVFTL,CAGDLVIYGGSQGNLIF,CASSIRSSYEQYF,4
GILGFVFTL,CAGEGGGSQGNLIF,CASSIRSSYEQYF,4
GILGFVFTL,CAGEGGGSQGNLIF,CASSIRSSYEQYF,4
GILGFVFTL,CAGGDGGSQGNLIF,CASSIRSTGELFF,4
GILGFVFTL,CAGGGNGGSQGNLIF,CASSIRSSYEQYF,4
GILGFVFTL,CAGGGSQGNLIF,CAPLKGSSYEQYF,4
GILGFVFTL,CAGGGSQGNLIF,CASIIRSSYEQYF,4
GILGFVFTL,CAGGGSQGNLIF,CASSIRSQVEQFF,4
GILGFVFTL,CAGGGSQGNLIF,CASSIRSSYEQFF,4
GILGFVFTL,CAGGGSQGNLIF,CASSIRSSYEQYF,4
GILGFVFTL,CAGGGSQGNLIF,CASSIRSSYEQYF,4
GILGFVFTL,CAGGGSQGNLIF,CASSVRSSYEQYF,4
GILGFVFTL,CAGGGSSNTGKLIF,CASSIRSAYEQYF,4
GILGFVFTL,CAGGGSSNTGKLIF,CASSIRSSYEQYF,4
GILGFVFTL,CAGGRQTGANNLFF,CASSYLEGSETQETQYF,4
GILGFVFTL,CAGGTGGSQGNLIF,CASSIRSGYEQYF,4
GILGFVFTL,CAGIDNYGQNFVF,CASSGGRNQPQHF,4
GILGFVFTL,CAGLSGGSYIPTF,CASSQDWGAGTQYF,4
GILGFVFTL,CAGNYGGSQGNLIF,CASSIRGSGEQYF,4
GILGFVFTL,CAGNYGGSQGNLIF,CASSLRSTDTQYF,4
GILGFVFTL,CAGNYGGSQGNLIF,CASSSRASYEQYF,4
GILGFVFTL,CAGPDGSSNTGKLIF,CASSLIFPSGEQYF,4
GILGFVFTL,CAGPDTYRDGGSQGNLIF,CASSPRSGNEQFF,4
GILGFVFTL,CAGPEDGGSQGNLIF,CASSIRSSGPQFF,4
GILGFVFTL,CAGPEGGYSGAGSYQLTF,CASSVSGATADTQYF,4
GILGFVFTL,CAGPFGRLMF,CASSLFPGFGEQYF,4
GILGFVFTL,CAGPMKTSYDKVIF,CASSSANYGYTF,4
GILGFVFTL,CAGQLGGGSQGNLIF,CASSIRSSETQYF,4
GILGFVFTL,CAGRDGGSQGNLIF,CASSSRSRQYRGSSYEQYF,4
GILGFVFTL,CAGSDGGSQGNLIF,CASSMRSTDTQYF,4
GILGFVFTL,CAGSQNYGGSQGNLIF,CASSWVSLDTQYF,4
GILGFVFTL,CAGSSGGSQGNLIF,CASSYRSSYEQYF,4
GILGFVFTL,CAGTGFQKLVF,CASSLGDRPSTDTQYF,4
GILGFVFTL,CAGVDGGSQGNLIF,CASSTRSAYEQYF,4
GILGFVFTL,CAGVEYGGSQGNLIF,CASSIRSSVEQFF,4
GILGFVFTL,CAGVGGGSQGNLIF,CASSIRASYEQYF,4
GILGFVFTL,CAGVGGGSQGNLIF,CASSIRSSYEQYF,4
GILGFVFTL,CAGVTYGGSQGNLIF,CASSLRSSYEQYF,4
GILGFVFTL,CAGVYGGSQGNLIF,CASSIRSAHEQYF,4
GILGFVFTL,CAHGGSQGNLIF,CASSIRSSYEQYF,4
GILGFVFTL,CALAGSQGNLIF,CASSIRASYEQYF,4
GILGFVFTL,CALDMGGGSQGNLIF,CASSARSTDTQYF,4
GILGFVFTL,CALDMGGGSQGNLIF,CASSIRAADTQYF,4
GILGFVFTL,CALDMGGGSQGNLIF,CASSIRSTDTQYF,4
GILGFVFTL,CALHSGGYQKVTF,CASSPTRPVEQYF,4
GILGFVFTL,CALIAGANSKLTF,CASSIAPTDTQYF,4
GILGFVFTL,CALLYARLMF,CASSIRSSYEQYF,4
GILGFVFTL,CALNDYKLSF,CASSEAISGAWDEQFF,4
GILGFVFTL,CALRVMNRDDKIIF,CASSTKDGGTGELFF,4
GILGFVFTL,CALRVMNRDDKIIF,CASSTKEGGTGELFF,4
GILGFVFTL,CALRVMNRDDKIIF,CASSTKVGGTGELFF,4
GILGFVFTL,CALSDLNQAGTALIF,CASSYGIAGKETQYF,4
GILGFVFTL,CALSDSGGSNYKLTF,CASSIFSGGQNIQYF,4
GILGFVFTL,CALSEAGKTSYDKVIF,CASSQVEAFYEQYF,4
GILGFVFTL,CALSEAGRGGSYIPTF,CASSIFGGAEAFF,4
GILGFVFTL,CALSEALVTGGGNKLTF,CASSLSRRGPNYGYTF,4
GILGFVFTL,CALSEASG-GNMLTF,CASSSPTSGDYEQYF,4
GILGFVFTL,CALSEATSGTYKYIF,CASSRGQLYEQYF,4
GILGFVFTL,CALSGSDYKLSF,CSARGGDSVLRVGEQYF,4
GILGFVFTL,CALSGSSVGAAGNKLTF,CASSVVASSYNEQFF,4
GILGFVFTL,CALSRAGGTSYGKLTF,CASSSRQGAANEKLFF,4
GILGFVFTL,CAMNYGGSQGNLIF,CASSTRSTDTQYF,4
GILGFVFTL,CAMRDSQGGSEKLVF,CASSYGLEQFF,4
GILGFVFTL,CAMRGDAGGTSYGKLTF,CASRIDSNQPQHF,4
GILGFVFTL,CAMRGDAGGTSYGKLTF,CASSIDSNQPQHF,4
GILGFVFTL,CAMRGDPGGTSYGKLTF,CASSILSNTEAFF,4
GILGFVFTL,CAMSERNKARLMF,CASGAGGPLNEQFF,4
GILGFVFTL,CAMSERN-RLMF,CASGAGGPLNEQFF,4
GILGFVFTL,CAMSGDGGSQGNLIF,CASSIRASYEQYF,4
GILGFVFTL,CAMSGEGGSQGNLIF,CASSMRSAGELFF,4
GILGFVFTL,CAMSLYSGGGADGLTF,CASRPPPAGQKETQYF,4
GILGFVFTL,CAQGDGGSQGNLIF,CASSGRSTDTQYF,4
GILGFVFTL,CARNTGNQFYF,CASSKQTGTGNYGYTF,4
GILGFVFTL,CASGGSQGNLIF,CASSSRSAYEQYF,4
GILGFVFTL,CASPGDGGSQGNLIF,CASSPRSTDTQYF,4
GILGFVFTL,CATDAIPSDMRF,CASSFRSTDTQYF,4
GILGFVFTL,CATDALGNGNEKLTF,CATQGDNTYEQYF,4
GILGFVFTL,CATDGEYAGGTSYGKLTF,CASSVRTGYTEAFF,4
GILGFVFTL,CATGGSQGNLIF,CASSIRSSYEQYF,4
GILGFVFTL,CATGGSQGNLIF,CASSTRSSYEQYF,4
GILGFVFTL,CATGGSQGNLIF,CASSVRSSYEQYF,4
GILGFVFTL,CAVDDT-GKSTF,CASSLRSTDTQYF,4
GILGFVFTL,CAVDGGGGSQGNLIF,CASSIRSSYEQFF,4
GILGFVFTL,CAVDGGGGSQGNLIF,CASSIRSSYEQYF,4
GILGFVFTL,CAVDGSQGNLIF,CASSPRGGMTQHF,4
GILGFVFTL,CAVGGDGGSQGNLIF,CASSVRSSYEQYF,4
GILGFVFTL,CAV-GGGSQGNLIF,CASSIRASYEQYF,4
GILGFVFTL,CAVGGSQGNLIF,CASSIRSSYEQYF,4
GILGFVFTL,CAVGGTTDSWGKLQF,CASRGSLNQPQHF,4
GILGFVFTL,CAVGGYGGSQGNLIF,CASSIRSSYEQYF,4
GILGFVFTL,CAVHLSAYSGAGSYQLTF,CASSQDKGRAYEQYF,4
GILGFVFTL,CAVIGEGGKLTF,CASSLLVSGVSSTDTQYF,4
GILGFVFTL,CAVINQAGTALIF,CASSLERNTYEQYF,4
GILGFVFTL,CAVKPGTASKLTF,CASSQDLTSEAFF,4
GILGFVFTL,CAVNGGGGSQGNLIF,CASSTRAAYEQYF,4
GILGFVFTL,CAVNLNEKLTF,CSARDGTRAHYEQFF,4
GILGFVFTL,CAVNNYGQNFVF,CASSVEDYGSVSYGYTF,4
GILGFVFTL,CAVNPAEYGNKLVF,CASSRVGTTYEQYF,4
GILGFVFTL,CAVNPSNTGKLIF,CASSSRSSYEQYF,4
GILGFVFTL,CAVPKGSQGNLIF,CASSIRSSYEQYF,4
GILGFVFTL,CAVPNT-GKSTF,CASSSRSGNEKLFF,4
GILGFVFTL,CAVPPDSWGKLQF,CASSQDLAGEGTDTQYF,4
GILGFVFTL,CAVPYGNKLVF,CASTTGTVNTEAFF,4
GILGFVFTL,CAVPYSGGGADGLTF,CATSDFPPGVRGAPQETQYF,4
GILGFVFTL,CAVRANFGNEKLTF,CASSYPLLYSGANTGELFF,4
GILGFVFTL,CAVRDGTGANNLFF,CASSISSTGELFF,4
GILGFVFTL,CAVRDGTGANNLFF,CASSPPPGAVETQYF,4
GILGFVFTL,CAVRDIGEYGNKLVF,CASGGLVHEQFF,4
GILGFVFTL,CAVREVEYGNKLVF,CASSIGYYGYTF,4
GILGFVFTL,CAVRKFGNEKLTF,CASSIGLYGYTF,4
GILGFVFTL,CAVRVPDQTGANNLFF,CASSLRVSYNEQFF,4
GILGFVFTL,CAVSDDNDMRF,CASSQTYEQYF,4
GILGFVFTL,CAVSDSGTGNQFYF,CASSQMTGLNTEAFF,4
GILGFVFTL,CAVSGSQGNLIF,CASSMRSSYEQYF,4
GILGFVFTL,CAVSGSQGNLIF,CASSSRSSYEQYF,4
GILGFVFTL,CAVSGSQGNLIF,CASSVRSSYEQYF,4
GILGFVFTL,CAVSPVSNFGNEKLTF,CASSPLSLGSPYNEQFF,4
GILGFVFTL,CAVSVRMDSSYKLIF,CASSQDPGYEQYF,4
GILGFVFTL,CAVSYGGSQGNLIF,CASSIRSSYEQYF,4
GILGFVFTL,CAVTGGGSQGNLIF,CASSFRSSYEQYF,4
GILGFVFTL,CAVTPGGGSQGNLIF,CASSPRASLEQYF,4
GILGFVFTL,CAVTPSNTGKLIF,CASSIRSAYEQYF,4
GILGFVFTL,CAVTSNTGKLIF,CASSIRSSYEQYF,4
GILGFVFTL,CAVVASNTGKLIF,CASSPRDGQETQYF,4
GILGFVFTL,CAWGH-GGTSYGKLTF,CASSIGLYGYTF,4
GILGFVFTL,CAYEVRDDKIIF,CASSYSGHVNTEAFF,4
GILGFVFTL,CAYGGSQGNLIF,CASSIRSSYEQYF,4
GILGFVFTL,CAYGGSQGNLIF,CASSIRSSYEQYF,4
GILGFVFTL,CAYSPGAGGTSYGKLTF,CASSIGLYGYTF,4
GILGFVFTL,CAYST-GGTSYGKLTF,CASSLGIYGYTF,4
GILGFVFTL,CAYSV-GGTSYGKLTF,CASSIGTYGYTF,4
GILGFVFTL,CAYSYGGSQGNLIF,CASSDGTGGILYEQYF,4
GILGFVFTL,CGISLGGGSQGNLIF,CASSTRSTDTQYF,4
GILGFVFTL,CIAGASFSGGYNKLIF,CSANSDRVSYNEQFF,4
GILGFVFTL,CIAHGGGGADGLTF,CATSDGLAGGWANVLTF,4
GILGFVFTL,CLVGSMDSNYQLIW,CASSSQSNQPQHF,4
GILGFVFTL,CVVPESGNTGKLIF,CSAAGLAGGSYEQYF,4
GILGFVFTL,CVVRDNNDMRF,CATSDFEVAGSSYNEQFF,4
GILGFVFTL,CVVSGDDTGNQFYF,CASSLTLVFEAFF,4
GILGFVFTL,CVVTPGREYGNKLVF,CASSISSGSYNEQFF,4
PQPELPYPQPE,CAGDSGYALNF,CATSSRMGGDTQYF,4
PQPELPYPQPE,CALSELSIQGAQKLVF,CASSIVDRGGETQYF,4
PQPELPYPQPE,CALSESGANSKLTF,CASSLRAWETQYF,4
PQPELPYPQPE,CAVRDPLYNFNKF,CASSQGGDRGESEAF,4
PQPELPYPQPE,CIEYNFNKF,CASRPVAGLPHF,4
PQPELPYPQPE,CIVPANTGGFKTIF,CASSFRSTDTQYF,4
PQPELPYPQPE,CIVYGGFKTIF,CASSLRSTDTQYF,4
PQPELPYPQPE,CLVGGGADGLTF,CASSVRTLDTGELF,4
PQPELPYPQPE,CLVGHGSSNTGKLIF,CASSLRWGDGGKLF,4
PQPELPYPQPE,CVVNSWAGNQF,CASSLGYGVSTGELF,4
FWIDLFETIG,CIVRAYGNNF,CASSPTGQAHEQYF,4
FWIDLFETIG,CIVRVWDAGNNF,CASSPNGQAHEQYF,4
