CDR3.alpha.aa,Antigen.sequence
CIEHTNSGGSNYKLTF,TAAQAAVVRFQEAAN
CIVHTNSGGSNYKLTF,TAAQAAVVRFQEAAN
CIVKTNSGGSNYKLTF,TAAQAAVVRFQEAAN
CAGAGGGGFKTIF,ADTLQSIGATTVASN
CAGPTGGSYIPTF,ADTLQSIGATTVASN
CAGTNTGNQFYF,ADTLQSIGATTVASN
CAVGGLSGANKLTF,ADTLQSIGATTVASN
CAAADDKIIF,LLWNGPMAV
CAACAEYGNKLVF,LLWNGPMAV
CAAIDDKIIF,LLWNGPMAV
CAAIDDKIIF,LLWNGPMAV
CAAKDDKIIF,LLWNGPMAV
CAALDDKIIF,LLWNGPMAV
CAANDYKLSF,LLWNGPMAV
CAAPNDMRF,LLWNGPMAV
CAAPNDMRF,LLWNGPMAV
CAARANTDKLIF,LLWNGPMAV
CAARVGSSASKIIF,LLWNGPMAV
CAASGANNLFF,LLWNGPMAV
CAASGGSYIPTF,LLWNGPMAV
CAASSIQGAQKLVF,LLWNGPMAV
CAATDSWGKLQF,LLWNGPMAV
CAATGANNLFF,LLWNGPMAV
CAAVASKIIF,LLWNGPMAV
CAAVPIQGAQKLVF,LLWNGPMAV
CAAVPIQGAQKLVF,LLWNGPMAV
CADHTGGFKTIF,LLWNGPMAV
CADHTGGFKTIF,LLWNGPMAV
CADHTGGFKTIF,LLWNGPMAV
CADSSYKLIF,LLWNGPMAV
CAETRGNNRLAF,LLWNGPMAV
CAFSGYALNF,LLWNGPMAV
CAFSGYALNF,LLWNGPMAV
CAFTTDSWGKLQF,LLWNGPMAV
CAGANEKLTF,LLWNGPMAV
CAGAPNTGNQFYF,LLWNGPMAV
CAGAPNTGNQFYF,LLWNGPMAV
CAGAPNTGNQFYF,LLWNGPMAV
CAGAPNTGNQFYF,LLWNGPMAV
CAGGASKIIF,LLWNGPMAV
CAGGDDKIIF,LLWNGPMAV
CAGGDDKIIF,LLWNGPMAV
CAGGDSTLTF,LLWNGPMAV
CAGNDYKLSF,LLWNGPMAV
CAGPGT-GKSTF,LLWNGPMAV
CAGPLDSNYQLIW,LLWNGPMAV
CAGSASKIIF,LLWNGPMAV
CAGSASKIIF,LLWNGPMAV
CAGSASKIIF,LLWNGPMAV
CAGS-RLMF,LLWNGPMAV
CAGVPYNNNDMRF,LLWNGPMAV
CAGYMDTGRRALTF,LLWNGPMAV
CAGYMDTGRRALTF,LLWNGPMAV
CAKSASKIIF,LLWNGPMAV
CALAPDKLIF,LLWNGPMAV
CALAPDKLIF,LLWNGPMAV
CALKDYGQNFVF,LLWNGPMAV
CALNDDKIIF,LLWNGPMAV
CALNDDKIIF,LLWNGPMAV
CALNTGGFKTIF,LLWNGPMAV
CALSGGYNKLIF,LLWNGPMAV
CALTGGKLIF,LLWNGPMAV
CALTPDYKLSF,LLWNGPMAV
CALTPDYKLSF,LLWNGPMAV
CALWGFQKLVF,LLWNGPMAV
CAMSGGKLIF,LLWNGPMAV
CAPSGGKLIF,LLWNGPMAV
CARRGAAGNKLTF,LLWNGPMAV
CASEDDKIIF,LLWNGPMAV
CASGDDKIIF,LLWNGPMAV
CASSDSRGTEAFF,LLWNGPMAV
CATDAQTGANNLFF,LLWNGPMAV
CATDATRDDKIIF,LLWNGPMAV
CATDDQGAQKLVF,LLWNGPMAV
CATDHQGAQKLVF,LLWNGPMAV
CATDPNTGGFKTIF,LLWNGPMAV
CATDPNTGGFKTIF,LLWNGPMAV
CATDPNTGGFKTIF,LLWNGPMAV
CATDPNTGGFKTIF,LLWNGPMAV
CATDRWDSNYQLIW,LLWNGPMAV
CATDRWDSNYQLIW,LLWNGPMAV
CATDSLSYNTDKLIF,LLWNGPMAV
CATGDDKIIF,LLWNGPMAV
CATSGTYKYIF,LLWNGPMAV
CAVAAYKYIF,LLWNGPMAV
CAVDEIKAAGNKLTF,LLWNGPMAV
CAV-DGQKLLF,LLWNGPMAV
CAV-DGQKLLF,LLWNGPMAV
CAV-DGQKLLF,LLWNGPMAV
CAV-DGQKLLF,LLWNGPMAV
CAV-DGQKLLF,LLWNGPMAV
CAV-DGQKLLF,LLWNGPMAV
CAVDMEYGNKLVF,LLWNGPMAV
CAVDSGNTPLVF,LLWNGPMAV
CAVDSGNTPLVF,LLWNGPMAV
CAVDSTDKLIF,LLWNGPMAV
CAVDSTDKLIF,LLWNGPMAV
CAVEDDKIIF,LLWNGPMAV
CAVEGGKLIF,LLWNGPMAV
CAVEPVGGNTPLVF,LLWNGPMAV
CAVEPVGGNTPLVF,LLWNGPMAV
CAVEPVGGNTPLVF,LLWNGPMAV
CAVEPVGGNTPLVF,LLWNGPMAV
CAVEPVGGNTPLVF,LLWNGPMAV
CAVEPVGGNTPLVF,LLWNGPMAV
CAVEPVGGNTPLVF,LLWNGPMAV
CAVEPVGGNTPLVF,LLWNGPMAV
CAVGADGLTF,LLWNGPMAV
CAVGAQKLVF,LLWNGPMAV
CAVGASKIIF,LLWNGPMAV
CAVGDDKIIF,LLWNGPMAV
CAVGDDKIIF,LLWNGPMAV
CAVGDDKIIF,LLWNGPMAV
CAVGDDKIIF,LLWNGPMAV
CAVGDDKIIF,LLWNGPMAV
CAVGDDKIIF,LLWNGPMAV
CAVGDDKIIF,LLWNGPMAV
CAVGDDKIIF,LLWNGPMAV
CAVGDDKIIF,LLWNGPMAV
CAVGGGKLIF,LLWNGPMAV
CAVGGGKLIF,LLWNGPMAV
CAVGGGKLIF,LLWNGPMAV
CAVGGGKLIF,LLWNGPMAV
CAV-GKSTF,LLWNGPMAV
CAVGNYQLIW,LLWNGPMAV
CAVGTYKYIF,LLWNGPMAV
CAVIAGKSTF,LLWNGPMAV
CAVIGDKIIF,LLWNGPMAV
CAVKDDKIIF,LLWNGPMAV
CAVKGDDKIIF,LLWNGPMAV
CAVMDDKIIF,LLWNGPMAV
CAVMDDKIIF,LLWNGPMAV
CAVMDDKIIF,LLWNGPMAV
CAVNDYKLSF,LLWNGPMAV
CAVNEQSSGSARQLTF,LLWNGPMAV
CAVNGDGQKLLF,LLWNGPMAV
CAVNGDTDKLIF,LLWNGPMAV
CAVNGDTDKLIF,LLWNGPMAV
CAVNGNQFYF,LLWNGPMAV
CAVNPDGKLIF,LLWNGPMAV
CAVNPETSYDKVIF,LLWNGPMAV
CAVNQGGKLIF,LLWNGPMAV
CAVNQGGKLIF,LLWNGPMAV
CAVN-RLMF,LLWNGPMAV
CAVN-RLMF,LLWNGPMAV
CAVN-RLMF,LLWNGPMAV
CAVNSDGQKLLF,LLWNGPMAV
CAVNSDGQKLLF,LLWNGPMAV
CAVNSDGQKLLF,LLWNGPMAV
CAVNSDGQKLLF,LLWNGPMAV
CAVNSDKLIF,LLWNGPMAV
CAVNTDKLIF,LLWNGPMAV
CAV-PTDSWGKLQF,LLWNGPMAV
CAV-PTDSWGKLQF,LLWNGPMAV
CAV-PTDSWGKLQF,LLWNGPMAV
CAVQADYGGATNKLIF,LLWNGPMAV
CAVRAYYGGSQGNLIF,LLWNGPMAV
CAVRDDKIIF,LLWNGPMAV
CAVRTYNYGQNFVF,LLWNGPMAV
CAVRTYNYGQNFVF,LLWNGPMAV
CAVRTYNYGQNFVF,LLWNGPMAV
CAVRTYNYGQNFVF,LLWNGPMAV
CAVRTYNYGQNFVF,LLWNGPMAV
CAVSASKIIF,LLWNGPMAV
CAVSASKIIF,LLWNGPMAV
CAVSDDKIIF,LLWNGPMAV
CAVSDDKIIF,LLWNGPMAV
CAVSDDKIIF,LLWNGPMAV
CAVSDYKLSF,LLWNGPMAV
CAVSDYKLSF,LLWNGPMAV
CAVSDYKLSF,LLWNGPMAV
CAVSGDDMRF,LLWNGPMAV
CAVSGDDMRF,LLWNGPMAV
CAVSGDDMRF,LLWNGPMAV
CAVSGDDMRF,LLWNGPMAV
CAVSGDKIIF,LLWNGPMAV
CAVSGDKIIF,LLWNGPMAV
CAVSGGKLIF,LLWNGPMAV
CAVSGGKLIF,LLWNGPMAV
CAVSGGKSTF,LLWNGPMAV
CAVSGNKLVF,LLWNGPMAV
CAVSGQKLLF,LLWNGPMAV
CAVSGSARQLTF,LLWNGPMAV
CAVSGSASKIIF,LLWNGPMAV
CAVSGTYKYIF,LLWNGPMAV
CAVSGYSTLTF,LLWNGPMAV
CAVSPDKLIF,LLWNGPMAV
CAVSPHKVIF,LLWNGPMAV
CAVS-RLMF,LLWNGPMAV
CAVSSDKIIF,LLWNGPMAV
CAVSSNDYKLSF,LLWNGPMAV
CAVSSTDKLIF,LLWNGPMAV
CAVSTDKLIF,LLWNGPMAV
CAVSTDKLIF,LLWNGPMAV
CAVSTDKLIF,LLWNGPMAV
CAVSTDKLIF,LLWNGPMAV
CAVSTDSGSARQLTF,LLWNGPMAV
CAVTASKLTF,LLWNGPMAV
CAVTDDKIIF,LLWNGPMAV
CAVTGDDKIIF,LLWNGPMAV
CAVTGDDKIIF,LLWNGPMAV
CAVTGDDKIIF,LLWNGPMAV
CAVTGDDKIIF,LLWNGPMAV
CAVTGDDKIIF,LLWNGPMAV
CAVTGDDKIIF,LLWNGPMAV
CAVTGDDKIIF,LLWNGPMAV
CAVTGDKIIF,LLWNGPMAV
CAVTGDKIIF,LLWNGPMAV
CAVTGDKLIF,LLWNGPMAV
CAVTGDKLIF,LLWNGPMAV
CAVTGDKLIF,LLWNGPMAV
CAVTGDQFYF,LLWNGPMAV
CAVTGNEKLTF,LLWNGPMAV
CAVTGNTDKLIF,LLWNGPMAV
CAVTGNTDKLIF,LLWNGPMAV
CAVTGTYKYIF,LLWNGPMAV
CAVTGYALNF,LLWNGPMAV
CAVTGYSTLTF,LLWNGPMAV
CAVTGYSTLTF,LLWNGPMAV
CAVTGYSTLTF,LLWNGPMAV
CAVTGYSTLTF,LLWNGPMAV
CAVTGYSTLTF,LLWNGPMAV
CAVTKGLTGGGNKLTF,LLWNGPMAV
CAVTPDDKIIF,LLWNGPMAV
CAVTPDDKIIF,LLWNGPMAV
CAVTRNNDMRF,LLWNGPMAV
CAVTSARLMF,LLWNGPMAV
CAVTSDKLIF,LLWNGPMAV
CAVTTDKLIF,LLWNGPMAV
CAVVDPSDGYNKLIF,LLWNGPMAV
CAVVPNTGNQFYF,LLWNGPMAV
CAYSTDSWGKLQF,LLWNGPMAV
CILRDGWVTGYKYIF,LLWNGPMAV
CIVREWDNYGQNFVF,LLWNGPMAV
CLVGDNLDSSYKLIF,LLWNGPMAV
CLVGSPFPTSGTYKYIF,LLWNGPMAV
CLVGSPFPTSGTYKYIF,LLWNGPMAV
CVGAGSYQLTF,LLWNGPMAV
CVVADSKLTF,LLWNGPMAV
CVVEGDKVIF,LLWNGPMAV
CVVGDDKIIF,LLWNGPMAV
CVVGDDKIIF,LLWNGPMAV
CVVGDDKIIF,LLWNGPMAV
CVV-HDMRF,LLWNGPMAV
CVVHQWGNLIF,LLWNGPMAV
CVVIHDKIIF,LLWNGPMAV
CVVNEKEGNMLTF,LLWNGPMAV
CVVNTDKLIF,LLWNGPMAV
CVVSAESGYSTLTF,LLWNGPMAV
CVVSDYKLSF,LLWNGPMAV
CVVSGFKTIF,LLWNGPMAV
CVVSGFKTIF,LLWNGPMAV
CVVSSVRGSYIPTF,LLWNGPMAV
CVVSVGVLYSTLTF,LLWNGPMAV
CVVTDDKIIF,LLWNGPMAV
CVVTDDKIIF,LLWNGPMAV
CAAFQGAQKLVF,RPRGEVRFL
CAEGDSWGKLQF,RPRGEVRFL
CALSEADSWGKLQF,RPRGEVRFL
CAMREAGGFKTIF,RPRGEVRFL
CASSEWTVDGYTF,RPRGEVRFL
CAVNPDSWGKLQF,RPRGEVRFL
CLVGASGAGSYQLTF,RPRGEVRFL
CLVGDKGSSASKIIF,RPRGEVRFL
CAEGDSWGKLQF,RPRGEVRFL
CAEGDSWGKLQF,RPRGEVRFL
CAEIAGGYNKLIF,RPRGEVRFL
CAFGRGAQKLVF,RPRGEVRFL
CAFGRGAQKLVF,RPRGEVRFL
CAFGRGAQKLVF,RPRGEVRFL
CAFGRGAQKLVF,RPRGEVRFL
CAFMKANSGGSNYKLTF,RPRGEVRFL
CAFMKHASGGSNYKLTF,RPRGEVRFL
CAFMKPAGGGGDYKLTF,RPRGEVRFL
CAFMKSGYALNF,RPRGEVRFL
CAGVRGGADGLTF,RPRGEVRFL
CALDSDGQKLLF,RPRGEVRFL
CALDSDGQKLLF,RPRGEVRFL
CALGGDYGGSQGNLIF,RPRGEVRFL
CALKISGSGYALNF,RPRGEVRFL
CALMTTDSWGKLQF,RPRGEVRFL
CALMTTDSWGKLQF,RPRGEVRFL
CALSEADSWGKLQF,RPRGEVRFL
CALSEADSWGKLQF,RPRGEVRFL
CALSEADSWGKLQF,RPRGEVRFL
CALSEADSWGKLQF,RPRGEVRFL
CALSEADSWGKLQF,RPRGEVRFL
CALSEAGGDSWGKLQF,RPRGEVRFL
CALSEANSWGKLQF,RPRGEVRFL
CALSEASSWGKLQF,RPRGEVRFL
CALSGSGDSWGKLQF,RPRGEVRFL
CALSGSTDSWGKLQF,RPRGEVRFL
CALSGTTDSWGKLQF,RPRGEVRFL
CATDPSNTGNQFYF,RPRGEVRFL
CAVKTTDSWGKLQF,RPRGEVRFL
CAVRDTNTGKSTF,RPRGEVRFL
CAVRDTNTGKSTF,RPRGEVRFL
CAVRDTNTGKSTF,RPRGEVRFL
CAVRDTNTGKSTF,RPRGEVRFL
CAVRDTNTGKSTF,RPRGEVRFL
CAVRDTNTGKSTF,RPRGEVRFL
CAVRDTNTGKSTF,RPRGEVRFL
CAVRDTNTGKSTF,RPRGEVRFL
CAVSGEYGNKLVF,RPRGEVRFL
CAYSRLGTDQLIF,RPRGEVRFL
CFLVGPQGSSASKIIF,RPRGEVRFL
CILRGSGTYKYIF,RPRGEVRFL
CLVGASGAGSYQLTF,RPRGEVRFL
CLVGASGAGSYQLTF,RPRGEVRFL
CLVGNGGATNKLIF,RPRGEVRFL
CLVGNGGATNKLIF,RPRGEVRFL
CLVGSVGAGSYQLTF,RPRGEVRFL
CTLYSKAGSYQLTF,RPRGEVRFL
CVASGGTGKLIF,RPRGEVRFL
CVASGGTGKLIF,RPRGEVRFL
CVVSGKNTGFQKLVF,RPRGEVRFL
CAFMITGAGSYQLTF,CINGVCWTV
CALSVVNQAGTALIF,CINGVCWTV
CAMREHTSGTYKYIF,CINGVCWTV
CAVEDTGGFKTIF,CINGVCWTV
CAASGGYQKVTF,KAFSPEVIPMF
CAASGGYQKVTF,KAFSPEVIPMF
CAAYGGYQKVTF,KAFSPEVIPMF
CAESGGYQKTVF,KAFSPEVIPMF
CAESGGYQKVTF,KAFSPEVIPMF
CAESGGYQKVTF,KAFSPEVIPMF
CAESPGGKLIF,KAFSPEVIPMF
CAGSGGYQKVTF,KAFSPEVIPMF
CAGSGGYQKVTF,KAFSPEVIPMF
CALSGGYQKVTF,KAFSPEVIPMF
CAMSGGYQKVTF,KAFSPEVIPMF
CAVSGGYQKVTF,KAFSPEVIPMF
CAVSGGYQKVTF,KAFSPEVIPMF
CAVSGTYQKVTF,KAFSPEVIPMF
CAASLNSGGYQKVTF,KAFSPEVIPMF
CAESTGNQF,KAFSPEVIPMF
CAESTGYQKVTF,KAFSPEVIPMF
CAMRDPRSKIIF,KAFSPEVIPMF
CAMRDSVAAGNKLTF,KAFSPEVIPMF
CAMREGVNQGGKLIF,KAFSPEVIPMF
CAMREGVNQGGKLIF,KAFSPEVIPMF
CAMRESISSGSARQLTF,KAFSPEVIPMF
CAMRESISSGSARQLTF,KAFSPEVIPMF
CAMRESISSGSARQLTF,KAFSPEVIPMF
CAMRESTSSGSARQLTF,KAFSPEVIPMF
CAMRESVAGANNLF,KAFSPEVIPMF
CAMRESVSGANNLF,KAFSPEVIPMF
CAMRESVSGANNLF,KAFSPEVIPMF
CAMRESVSGNNRLAF,KAFSPEVIPMF
CAMRESVSGVNNLFF,KAFSPEVIPMF
CAMRESVSGYNKLIF,KAFSPEVIPMF
CAMRESVSSGSARQLTF,KAFSPEVIPMF
CAALNDYKLSF,RYPLTFGWCF 
CAEVSTGGGNKLTF,RYPLTFGWCF
CALGELLRGGSNYKLTF,RYPLTFGWCF
CALGELSGTGGFKTIF,RYPLTFGWCF
CAVSCLRNNAGNMLTF,RYPLTFGWCF
CAVWYYGNNRLAF,RYPLTFGWCF
CFLGSYGGATTKLIF,RYPLTFGWCF
CIVYGGSQGNLIF,RYPLTFGWCF
CPFYNQGGKLIF,RYPLTFGWCF
CVVNSGAGSYQLTF,RYPLTFGWCF
CALFLDGQKLLF,RYPLTFGW
CAVIFTGGGNKLTF,RYPLTFGW
CAVPVPGTYKYIF,RYPLTFGW
CAVSDEVIF,RYPLTFGW
CAVRPSGGSYIPTF,CPSQEPMSIYVY
CAVSANYGGSQGNLIF,CPSQEPMSIYVY
CAVSAPYNTDKLIF,CPSQEPMSIYVY
CAVSDKNRDDKIIF,CPSQEPMSIYVY
CAVSDKNRDDKIIF,CPSQEPMSIYVY
CAERGWDNDMRF,IPSINVHHY
CAAPKGDKIIF,NLVPMVATV
CAARSNFGNEKLTF,NLVPMVATV
CAASILTGGGNKLTF,NLVPMVATV
CAASKDGGFKTIF,NLVPMVATV
CAASRDQGAQKLVF,NLVPMVATV
CAEISPSGGSYIPTF,NLVPMVATV
CAERLQTGANNLFF,NLVPMVATV
CAEYTGTASKLTF,NLVPMVATV
CAFIAGNQFYF,NLVPMVATV
CAFNDYKLSF,NLVPMVATV
CAFPYNNNDMRF,NLVPMVATV
CAFPYNNNDMRF,NLVPMVATV
CAGNTGNQFYF,NLVPMVATV
CAGPEKTSYDKVIF,NLVPMVATV
CAGPMKTSYDKVIF,NLVPMVATV
CAGPMKTSYDKVIF,NLVPMVATV
CAGPMKTSYDKVIF,NLVPMVATV
CAGPMKTYDKVIF,NLVPMVATV
CAGPRKTSYDKVIF,NLVPMVATV
CAGPRQTSYDKVIF,NLVPMVATV
CAKNTGNQFYF,NLVPMVATV
CAKNTGNQFYF,NLVPMVATV
CAMNTGNQFYF,NLVPMVATV
CAMRVPRAQGGSEKLVF,NLVPMVATV
CAPPEGGATNKLIF,NLVPMVATV
CAPPSNTGFQKLVF,NLVPMVATV
CAPYTGTASKLTF,NLVPMVATV
CAPYTGTASKLTF,NLVPMVATV
CARNTGNQFYF,NLVPMVATV
CARNTGNQFYF,NLVPMVATV
CARQDGNQFYF,NLVPMVATV
CASFNTGNQFYF,NLVPMVATV
CATDAPGGYQKVTF,NLVPMVATV
CATKNTGNQFYF,NLVPMVATV
CAVAFGNQFYF,NLVPMVATV
CAVDIETSGSRLTF,NLVPMVATV
CAVDIETSGSRLTF,NLVPMVATV
CAVFF,NLVPMVATV
CAVPLGPSYDKVIF,NLVPMVATV
CAVRDINARLMF,NLVPMVATV
CAVRDTDARLMF,NLVPMVATV
CAVRDTNARLMF,NLVPMVATV
CAVRIDYKLSF,NLVPMVATV
CAVRSNFGNEKLTF,NLVPMVATV
CAVRSVRGARLMF,NLVPMVATV
CAVYFGNVLHC,NLVPMVATV
CAVYGTASKLTF,NLVPMVATV
CAVYYGQNFVF,NLVPMVATV
CAYPYNNNDMRF,NLVPMVATV
CAYRSAFWGAQKLVF,NLVPMVATV
CILDNNNDMRF,NLVPMVATV
CILLGTGANNLFF,NLVPMVATV
CILPLWLTF,NLVPMVATV
CILSPNNDMRF,NLVPMVATV
CAAAGDNNRKLIW,NLVPMVATV
CAAALMDSNYQLIW,NLVPMVATV
CAACQGGSEKLVF,NLVPMVATV
CAADKGNRDDKIIF,NLVPMVATV
CAADRGSTLGRLYF,NLVPMVATV
CAAEDDGANNLFF,NLVPMVATV
CAAERGSTLGRLYF,NLVPMVATV
CAAESGGSYIPTF,NLVPMVATV
CAAESNSGYALNF,NLVPMVATV
CAAEYYGQNFVF,NLVPMVATV
CAAFDSGNTGKLIF,NLVPMVATV
CAAFHSGSARQLTF,NLVPMVATV
CAAFNQAGTALIF,NLVPMVATV
CAAGDAMDSNYQLIW,NLVPMVATV
CAAGEGNKLVF,NLVPMVATV
CAAGFLSGGYNKLIF,NLVPMVATV
CAAGGDSNYQLIW,NLVPMVATV
CAAGSSSGGYNKLIF,NLVPMVATV
CAAHGNQGGKLIF,NLVPMVATV
CAAHILTGGGNKLTF,NLVPMVATV
CAAIGSTLGRLYF,NLVPMVATV
CAAILIGKLIF,NLVPMVATV
CAAILKNNNARLMF,NLVPMVATV
CAAILLGDYKLSF,NLVPMVATV
CAAINAGGTSYGKLTF,NLVPMVATV
CAAINDMRF,NLVPMVATV
CAAINQAGTALIF,NLVPMVATV
CAAIQRDDYKLSF,NLVPMVATV
CAAIYPPGNQFYF,NLVPMVATV
CAAIYSGGGADGLTF,NLVPMVATV
CAAIYSGGYNKLIF,NLVPMVATV
CAAKETSGSRLTF,NLVPMVATV
CAAKGVYGGATNKLIF,NLVPMVATV
CAAKNTGANSKLTF,NLVPMVATV
CAAKRRNDYKLSF,NLVPMVATV
CAAKSRFYNQGGKLIF,NLVPMVATV
CAAKTERVTF,NLVPMVATV
CAAKYNFNKFYF,NLVPMVATV
CAALAF,NLVPMVATV
CAALDGNQFYF,NLVPMVATV
CAALGSNDYKLSF,NLVPMVATV
CAALIKAAGNKLTF,NLVPMVATV
CAALLGAGGTSYGKLTF,NLVPMVATV
CAALQGGSEKLVF,NLVPMVATV
CAALRDDKIIF,NLVPMVATV
CAALRNNNARLMF,NLVPMVATV
CAALRRRSNDYKLSF,NLVPMVATV
CAALRTASKLTF,NLVPMVATV
CAALSGTSYGKLTF,NLVPMVATV
CAALYNTDKLIF,NLVPMVATV
CAAMDDKIIF,NLVPMVATV
CAAMSGSARQLTF,NLVPMVATV
CAANAGSARQLTF,NLVPMVATV
CAANDLMDSNYQLIW,NLVPMVATV
CAANFGNEKLTF,NLVPMVATV
CAANKAAGNKLTF,NLVPMVATV
CAANQAGTASKLTF,NLVPMVATV
CAANQRGARLMF,NLVPMVATV
CAANSGNTPLVF,NLVPMVATV
CAANTGGFKTIF,NLVPMVATV
CAAPAGGTSYGKLTF,NLVPMVATV
CAAPASGGSYIPTF,NLVPMVATV
CAAPEGSARQLTF,NLVPMVATV
CAAPFNRLAF,NLVPMVATV
CAAPGADSNYQLIW,NLVPMVATV
CAAPGSEKLVF,NLVPMVATV
CAAPIIQGAQKLVF,NLVPMVATV
CAAPLGSRLTF,NLVPMVATV
CAAPLSGGSYIPTF,NLVPMVATV
CAAPNNAGNMLTF,NLVPMVATV
CAAPNYGGATNKLIF,NLVPMVATV
CAAPPGYNRLIF,NLVPMVATV
CAAPRDSGTSYGKLTF,NLVPMVATV
CAAPRGLMF,NLVPMVATV
CAAPSGSARQLTF,NLVPMVATV
CAAPVAPSGAGSYQLTF,NLVPMVATV
CAAPVKTSYDKVIF,NLVPMVATV
CAAPVRVNKFYF,NLVPMVATV
CAAPVSGGYQKVTF,NLVPMVATV
CAAPYAGANNLFF,NLVPMVATV
CAAPYNTDKLIF,NLVPMVATV
CAAQPDSSYKLIF,NLVPMVATV
CAAQRGNTGNQFYF,NLVPMVATV
CAAQRIGAGSYQLTF,NLVPMVATV
CAAQRNRDDKIIF,NLVPMVATV
CAAQRSQGNLIF,NLVPMVATV
CAAQTGANNLFF,NLVPMVATV
CAARAGNMLTF,NLVPMVATV
CAARASGGSYIPTF,NLVPMVATV
CAARDARLMF,NLVPMVATV
CAAREDSGAGSYQLTF,NLVPMVATV
CAARGGYSGTYKYIF,NLVPMVATV
CAARHNARLMF,NLVPMVATV
CAARIKAAGNKLTF,NLVPMVATV
CAARNARLMF,NLVPMVATV
CAARPVMDSNYQLIW,NLVPMVATV
CAARRAETDKLIF,NLVPMVATV
CAARSNDYKLSF,NLVPMVATV
CAARTFGGADGLTF,NLVPMVATV
CAARVMEYGNKLVF,NLVPMVATV
CAARVSSYNTDKLIF,NLVPMVATV
CAARWTGFQKLVF,NLVPMVATV
CAARYGGSQGNLIF,NLVPMVATV
CAASAFGNEKLTF,NLVPMVATV
CAASAGPSNTGKLIF,NLVPMVATV
CAASAIGTASKLTF,NLVPMVATV
CAASALTGNQFYF,NLVPMVATV
CAASAQAGSARQLTF,NLVPMVATV
CAASARETSGSRLTF,NLVPMVATV
CAASARYGGSQGNLIF,NLVPMVATV
CAASASFKTIF,NLVPMVATV
CAASASHYQLIW,NLVPMVATV
CAASATGTASKLTF,NLVPMVATV
CAASATQGGSEKLVF,NLVPMVATV
CAASAVDGFQKLVF,NLVPMVATV
CAASAVMDSNYQLIW,NLVPMVATV
CAASDGGSGGGADGLTF,NLVPMVATV
CAASDNTDKLIF,NLVPMVATV
CAASDQGGANSKLTF,NLVPMVATV
CAASDRAAGNKLTF,NLVPMVATV
CAASDRDDKIIF,NLVPMVATV
CAASDSNYQLIW,NLVPMVATV
CAASDTGRRALTF,NLVPMVATV
CAASEAAGNNRKLIW,NLVPMVATV
CAASEGGSARQLTF,NLVPMVATV
CAASEGKLIF,NLVPMVATV
CAASEGNKLVF,NLVPMVATV
CAASEGNYGQNFVF,NLVPMVATV
CAASEGQFYF,NLVPMVATV
CAASEHAGNMLTF,NLVPMVATV
CAASEKEAGTASKLTF,NLVPMVATV
CAASEPGGGADGLTF,NLVPMVATV
CAASERGGGNKLTF,NLVPMVATV
CAASERRGSNYKLTF,NLVPMVATV
CAASFLGAGNNRKLIW,NLVPMVATV
CAASFSGTYKYIF,NLVPMVATV
CAASGDDKIIF,NLVPMVATV
CAASGGSSARQLTF,NLVPMVATV
CAASGISNFGNEKLTF,NLVPMVATV
CAASGNNDMRF,NLVPMVATV
CAASGRDDKIIF,NLVPMVATV
CAASGRDSSYKLIF,NLVPMVATV
CAASGRSSARQLTF,NLVPMVATV
CAASGTYKYIF,NLVPMVATV
CAASGVGSARQLTF,NLVPMVATV
CAASHNNARLMF,NLVPMVATV
CAASIAEGGADGLTF,NLVPMVATV
CAASIGGQNFVF,NLVPMVATV
CAASINQAGTALIF,NLVPMVATV
CAASINTGFQKLVF,NLVPMVATV
CAASIQNTGNQFYF,NLVPMVATV
CAASIRTGNQFYF,NLVPMVATV
CAASISNFGNEKLTF,NLVPMVATV
CAASITGANNLFF,NLVPMVATV
CAASKKAAGNKLTF,NLVPMVATV
CAASLDFTGFQKLVF,NLVPMVATV
CAASLFYSGAGSYQLTF,NLVPMVATV
CAASLNTGGFKTIF,NLVPMVATV
CAASLRDNQGGKLIF,NLVPMVATV
CAASMGGFKTIF,NLVPMVATV
CAASMYSGGGADGLTF,NLVPMVATV
CAASNDYKLSF,NLVPMVATV
CAASNGYKLSF,NLVPMVATV
CAASNPAGSQGNLIF,NLVPMVATV
CAASNPANDYKLSF,NLVPMVATV
CAASNPSSGYSTLTF,NLVPMVATV
CAASNRAGTASKLTF,NLVPMVATV
CAASNRSWDSGGGNKLTF,NLVPMVATV
CAASNSGYALNF,NLVPMVATV
CAASPAGNMLTF,NLVPMVATV
CAASPLLSGGYNKLIF,NLVPMVATV
CAASPNTGNQFYF,NLVPMVATV
CAASPPGYSTLTF,NLVPMVATV
CAASPPLGTGNQFYF,NLVPMVATV
CAASPPNEFSGGYNKLIF,NLVPMVATV
CAASPRDNYGQNFVF,NLVPMVATV
CAASQQRQLTF,NLVPMVATV
CAASRAASKLTF,NLVPMVATV
CAASRGNNARLMF,NLVPMVATV
CAASRGTAGNKLTF,NLVPMVATV
CAASRGTSYGKLTF,NLVPMVATV
CAASRMDSNYQLIW,NLVPMVATV
CAASRPNSGGSNYKLTF,NLVPMVATV
CAASRPQAGTALIF,NLVPMVATV
CAASSNRGSTLGRLYF,NLVPMVATV
CAASSNTGNQFYF,NLVPMVATV
CAASSQGGKLIF,NLVPMVATV
CAASSRNAGNMLTF,NLVPMVATV
CAASSRSNSGYALNF,NLVPMVATV
CAASSSGAGSYQLTF,NLVPMVATV
CAASSSGGTSYGKLTF,NLVPMVATV
CAASSSGSARQLTF,NLVPMVATV
CAASSSRDDKIIF,NLVPMVATV
CAASSSSEYGNKLVF,NLVPMVATV
CAASSWGTYKYIF,NLVPMVATV
CAASSYNNNDMRF,NLVPMVATV
CAASSYNTDKLIF,NLVPMVATV
CAASTDGKLTF,NLVPMVATV
CAASTGGFKTIF,NLVPMVATV
CAASTRGYNKLIF,NLVPMVATV
CAASVENSGYALNF,NLVPMVATV
CAASVTGANNLFF,NLVPMVATV
CAASWRDNFNKFYF,NLVPMVATV
CAASYDTGNQFYF,NLVPMVATV
CAASYKNSGYALNF,NLVPMVATV
CAASYNARLMF,NLVPMVATV
CAASYNNNDMRF,NLVPMVATV
CAASYYKLSF,NLVPMVATV
CAASYYTGGFKTIF,NLVPMVATV
CAATAIIQGAQKLVF,NLVPMVATV
CAATDSNYQLIW,NLVPMVATV
CAATDSNYQLIW,NLVPMVATV
CAATEEEYGNKLVF,NLVPMVATV
CAATFSNQFYF,NLVPMVATV
CAATGGSYIPTF,NLVPMVATV
CAATLSYTGANSKLTF,NLVPMVATV
CAATNSGGSNYKLTF,NLVPMVATV
CAATPLLTGGFKTIF,NLVPMVATV
CAATRGANNLFF,NLVPMVATV
CAATRGNARLMF,NLVPMVATV
CAATSGTYKYIF,NLVPMVATV
CAATTGNQFYF,NLVPMVATV
CAATYSGGGADGLTF,NLVPMVATV
CAAVDSNYQLIW,NLVPMVATV
CAAVEQAGTALIF,NLVPMVATV
CAAWAAGNKLTF,NLVPMVATV
CAAWSNYQLIW,NLVPMVATV
CAAYGQNFVF,NLVPMVATV
CAAYNAGNNRKLIW,NLVPMVATV
CAAYNQGGKLIF,NLVPMVATV
CAAYNTNAGKSTF,NLVPMVATV
CAAYSGAGSYQLTF,NLVPMVATV
CAAYSGYSTLTF,NLVPMVATV
CAAYSSASKIIF,NLVPMVATV
CAAYTEYGNKLVF,NLVPMVATV
CAAYTGGFKTIF,NLVPMVATV
CACYSGGGADGLTF,NLVPMVATV
CADFTGGGNKLTF,NLVPMVATV
CADLNRDDKIIF,NLVPMVATV
CADLRRALTF,NLVPMVATV
CADPLGTYKYIF,NLVPMVATV
CADQTGANNLFF,NLVPMVATV
CADRFRDDKIIF,NLVPMVATV
CADYYGQNFVF,NLVPMVATV
CADYYGQNFVF,NLVPMVATV
CAEADDKIIF,NLVPMVATV
CAEAVGGSYIPTF,NLVPMVATV
CAEDDPANDYKLSF,NLVPMVATV
CAEDRGSYIPTF,NLVPMVATV
CAEDTGGYNKLIF,NLVPMVATV
CAEEQGDSNYQLIW,NLVPMVATV
CAEGEGANNLFF,NLVPMVATV
CAEGTMDSSYKLIF,NLVPMVATV
CAEGVGTYKYIF,NLVPMVATV
CAEIEAGTALIF,NLVPMVATV
CAEIGGQNFVF,NLVPMVATV
CAEIIPAQGGSEKLVF,NLVPMVATV
CAEINARLMF,NLVPMVATV
CAEIPNYGGSQGNLIF,NLVPMVATV
CAEIPSNDYKLSF,NLVPMVATV
CAEIPYNQGGKLIF,NLVPMVATV
CAEISNAGNMLTF,NLVPMVATV
CAEISNTGKLIF,NLVPMVATV
CAEIYFNARLMF,NLVPMVATV
CAEKGNGDARLMF,NLVPMVATV
CAEKNKNRLAF,NLVPMVATV
CAEKPGGYQKVTF,NLVPMVATV
CAEKTSYDKVIF,NLVPMVATV
CAEKVDKIIF,NLVPMVATV
CAELTGGFKTIF,NLVPMVATV
CAEMAPSGNTPLVF,NLVPMVATV
CAEMIRDDKIIF,NLVPMVATV
CAEMPMDSSYKLIF,NLVPMVATV
CAENAGNNRKLIW,NLVPMVATV
CAENDMRF,NLVPMVATV
CAENDPFSGGYNKLIF,NLVPMVATV
CAENFNDYKLSF,NLVPMVATV
CAENGAGGYNKLIF,NLVPMVATV
CAENGAKAAGNKLTF,NLVPMVATV
CAENGNTGKLIF,NLVPMVATV
CAENIANQGGKLIF,NLVPMVATV
CAENKETSGSRLTF,NLVPMVATV
CAENMDSSYKLIF,NLVPMVATV
CAENPDDKIIF,NLVPMVATV
CAENPYGQNFVF,NLVPMVATV
CAENQAGTALIF,NLVPMVATV
CAENQRTGGQNFVF,NLVPMVATV
CAENQVKAAGNKLTF,NLVPMVATV
CAENRNDYKLSF,NLVPMVATV
CAENRNGAYGQNFVF,NLVPMVATV
CAENRNSGGSNYKLTF,NLVPMVATV
CAENSAYNQGGKLIF,NLVPMVATV
CAENSRSNDYKLSF,NLVPMVATV
CAENSYNQGGKLIF,NLVPMVATV
CAENTIGNTDKLIF,NLVPMVATV
CAEPGKTSYDKVIF,NLVPMVATV
CAEPNSGYSTLTF,NLVPMVATV
CAERARRDDKIIF,NLVPMVATV
CAERDNAGNMLTF,NLVPMVATV
CAERELTGGGNKLTF,NLVPMVATV
CAERGVDSSYKLIF,NLVPMVATV
CAERNNDMRF,NLVPMVATV
CAERPYGNNRLAF,NLVPMVATV
CAERRANAGGTSYGKLTF,NLVPMVATV
CAERRDNFNKFYF,NLVPMVATV
CAERRSSASKIIF,NLVPMVATV
CAERVDQGGKLIF,NLVPMVATV
CAESIGKLIF,NLVPMVATV
CAESIIKAAGNKLTF,NLVPMVATV
CAESILDYGQNFVF,NLVPMVATV
CAESINGGSQGNLIF,NLVPMVATV
CAESIRGSGGGADGLTF,NLVPMVATV
CAESISSNTGKLIF,NLVPMVATV
CAESIVDSSYKLIF,NLVPMVATV
CAESLNQAGTALIF,NLVPMVATV
CAESMNSGYALNF,NLVPMVATV
CAESNWYGGSQGNLIF,NLVPMVATV
CAESPGTYKYIF,NLVPMVATV
CAESPNARLMF,NLVPMVATV
CAESPSGNTGKLIF,NLVPMVATV
CAESWGDSSYKLIF,NLVPMVATV
CAESYDNYGQNFVF,NLVPMVATV
CAETANSGYALNF,NLVPMVATV
CAETDNYGQNFVF,NLVPMVATV
CAETFNDYKLSF,NLVPMVATV
CAETLSGNTGKLIF,NLVPMVATV
CAETLTRHASGGSYIPTF,NLVPMVATV
CAETLTYNTDKLIF,NLVPMVATV
CAETNAGKSTF,NLVPMVATV
CAETNQAGTALIF,NLVPMVATV
CAETPRVDIF,NLVPMVATV
CAETPTNDYKLSF,NLVPMVATV
CAETRRSDYKLSF,NLVPMVATV
CAETRSPDYKLSF,NLVPMVATV
CAETVNSGNTPLVF,NLVPMVATV
CAETYNFNKFYF,NLVPMVATV
CAETYSKIIF,NLVPMVATV
CAEVGTDKLIF,NLVPMVATV
CAEVSGNTGKLIF,NLVPMVATV
CAEWVEYGNKLVF,NLVPMVATV
CAEYNTDKLIF,NLVPMVATV
CAFAHGSSNTGKLIF,NLVPMVATV
CAFDAPFGNEKLTF,NLVPMVATV
CAFDNYGQNFVF,NLVPMVATV
CAFDRGSTLGRLYF,NLVPMVATV
CAFEAGNQFYF,NLVPMVATV
CAFEGAQKLVF,NLVPMVATV
CAFEGPNFGNEKLTF,NLVPMVATV
CAFETQGGSEKLVF,NLVPMVATV
CAFGDAGGTSYGKLTF,NLVPMVATV
CAFGDYKLSF,NLVPMVATV
CAFGSNYQLIW,NLVPMVATV
CAFGYGNTPLVF,NLVPMVATV
CAFIHPGNNRLAF,NLVPMVATV
CAFIHPLYNQGGKLIF,NLVPMVATV
CAFIQGAQKLVF,NLVPMVATV
CAFISYNQFYF,NLVPMVATV
CAFITGIQFYF,NLVPMVATV
CAFITGNQFYFGTGTSLTVIPRGSYIPTF,NLVPMVATV
CAFITGNQFYF,NLVPMVATV
CAFITIGNQFYF,NLVPMVATV
CAFITSNMLTF,NLVPMVATV
CAFITSNQFYF,NLVPMVATV
CAFKDSNYQLIW,NLVPMVATV
CAFKGYF,NLVPMVATV
CAFLAGNFNKFYF,NLVPMVATV
CAFLGAGSYQLTF,NLVPMVATV
CAFLTGNQFYF,NLVPMVATV
CAFMAGNQFYF,NLVPMVATV
CAFMEGDSNYQLIW,NLVPMVATV
CAFMGYGGSQGNLIF,NLVPMVATV
CAFMKHANVDSNYQLIW,NLVPMVATV
CAFMKHGDSSNTGKLIF,NLVPMVATV
CAFMKQTTSGTYKYIF,NLVPMVATV
CAFMKRYGGSQGNLIF,NLVPMVATV
CAFMKTRPSTGTASKLTF,NLVPMVATV
CAFMNPRGSNYKLTF,NLVPMVATV
CAFMNYEGGADGLTF,NLVPMVATV
CAFMSTNFGDEKLTF,NLVPMVATV
CAFMTGNQFYF,NLVPMVATV
CAFMTKQGGSEKLVF,NLVPMVATV
CAFMTSVSNQFYF,NLVPMVATV
CAFNPPGSQGNLIF,NLVPMVATV
CAFNQAGTALIF,NLVPMVATV
CAFPLDSSYKLIF,NLVPMVATV
CAFPMDSSYKLIF,NLVPMVATV
CAFPMNRDDKIIF,NLVPMVATV
CAFPNNNAGNMLTF,NLVPMVATV
CAFPSGGGADGLTF,NLVPMVATV
CAFPSGYSTLTF,NLVPMVATV
CAFPSSGTYKYIF,NLVPMVATV
CAFPSSGYNKLIF,NLVPMVATV
CAFPTGANNLFF,NLVPMVATV
CAFPTGTASKLTF,NLVPMVATV
CAFPYGGSQGNLIF,NLVPMVATV
CAFPYNNNDMRF,NLVPMVATV
CAFRGSNYQLIW,NLVPMVATV
CAFRLRSGATNKLIF,NLVPMVATV
CAFRTGDKVIF,NLVPMVATV
CAFRTGGATNKLIF,NLVPMVATV
CAFSFGSDSRLTF,NLVPMVATV
CAFSISNFGNEKLTF,NLVPMVATV
CAFSLGDDKIIF,NLVPMVATV
CAFSLSSYKLIF,NLVPMVATV
CAFTGGGNKLTF,NLVPMVATV
CAFTRGYGNKLVF,NLVPMVATV
CAFTRSNDYKLSF,NLVPMVATV
CAFWDTGRRALTF,NLVPMVATV
CAFYDGDGLTF,NLVPMVATV
CAGAAASKLTF,NLVPMVATV
CAGAAGGGADGLTF,NLVPMVATV
CAGADNAGNMLTF,NLVPMVATV
CAGADSNYQLIW,NLVPMVATV
CAGAEKVSMDSSYKLIF,NLVPMVATV
CAGAGAGKSTF,NLVPMVATV
CAGAGEAGGTSYGKLTF,NLVPMVATV
CAGAGGGNKLTF,NLVPMVATV
CAGAGLDSNYQLIW,NLVPMVATV
CAGAHEKLTF,NLVPMVATV
CAGAIFVGNDKIIF,NLVPMVATV
CAGAKSAGNNRKLIW,NLVPMVATV
CAGAPAYRDDKIIF,NLVPMVATV
CAGAPIIQGAQKLVF,NLVPMVATV
CAGAPITGANNLFF,NLVPMVATV
CAGARVNKFYF,NLVPMVATV
CAGASAAGNKLTF,NLVPMVATV
CAGASGAGSYQLTF,NLVPMVATV
CAGASNTGKLIF,NLVPMVATV
CAGASNTGNQFYF,NLVPMVATV
CAGASPRRSGGGADGLTF,NLVPMVATV
CAGATNAGNMLTF,NLVPMVATV
CAGAVVTGANNLFF,NLVPMVATV
CAGAYLTQGGSEKLVF,NLVPMVATV
CAGAYNNTGKLIF,NLVPMVATV
CAGDFGNQFYF,NLVPMVATV
CAGDNYGQNFVF,NLVPMVATV
CAGDPENNAGNMLTF,NLVPMVATV
CAGDTTSGTYKYIF,NLVPMVATV
CAGEAYNTNAGKSTF,NLVPMVATV
CAGEDDKIIF,NLVPMVATV
CAGEESTGNQFYF,NLVPMVATV
CAGEGDDKIIF,NLVPMVATV
CAGEGRADSNYQLIW,NLVPMVATV
CAGEKGGRGSTLGRLYF,NLVPMVATV
CAGEVVRGAQKLVF,NLVPMVATV
CAGGAGGTSYGKLTF,NLVPMVATV
CAGGDKIIF,NLVPMVATV
CAGGDYNTDKLIF,NLVPMVATV
CAGGESNFGNEKLTF,NLVPMVATV
CAGGFQKLVF,NLVPMVATV
CAGGGGTASKLTF,NLVPMVATV
CAGGGYSTLTF,NLVPMVATV
CAGGIQGGSEKLVF,NLVPMVATV
CAGGKGDSNYQLIW,NLVPMVATV
CAGGLGGYQKVTF,NLVPMVATV
CAGGSGANNLFF,NLVPMVATV
CAGGSGGYNKLIF,NLVPMVATV
CAGGSNTGKLIF,NLVPMVATV
CAGGTGNQFYF,NLVPMVATV
CAGHGSSNTGKLIF,NLVPMVATV
CAGHHNAGNMLTF,NLVPMVATV
CAGHLYNFNKFYF,NLVPMVATV
CAGHMSYDKVIF,NLVPMVATV
CAGHNNNDMRF,NLVPMVATV
CAGHWDSNYQLIW,NLVPMVATV
CAGIGAASYDKVIF,NLVPMVATV
CAGILAYKLSF,NLVPMVATV
CAGLDNYGQNFVF,NLVPMVATV
CAGLGANYGGSQGNLIF,NLVPMVATV
CAGLGYGGATNKLIF,NLVPMVATV
CAGLHSGYSTLTF,NLVPMVATV
CAGLKYGNKLVF,NLVPMVATV
CAGLLGNEKLTF,NLVPMVATV
CAGLLVDSNYQLIW,NLVPMVATV
CAGLSIQGAQKLVF,NLVPMVATV
CAGLTTDSWGKFQF,NLVPMVATV
CAGLWDRGSTLGRLYF,NLVPMVATV
CAGNFGNEKLTF,NLVPMVATV
CAGNNNAGNMLTF,NLVPMVATV
CAGNTNAGKSTF,NLVPMVATV
CAGPDSDLINNDMRF,NLVPMVATV
CAGPGGVQGAQKLVF,NLVPMVATV
CAGPGKTSYNKVIF,NLVPMVATV
CAGPGMVTGGGNKLTF,NLVPMVATV
CAGPGYSTLTF,NLVPMVATV
CAGPIGGGADGLTF,NLVPMVATV
CAGPIGGSQGNLIF,NLVPMVATV
CAGPIKTSYDKVIF,NLVPMVATV
CAGPKVKAAGNKLTF,NLVPMVATV
CAGPLRKLTF,NLVPMVATV
CAGPMKTSYDKVIF,NLVPMVATV
CAGPNFGNEKLTF,NLVPMVATV
CAGPPENYGQNFVF,NLVPMVATV
CAGPRAGGTSYGKLTF,NLVPMVATV
CAGPSETSYDKVIF,NLVPMVATV
CAGPSKTSYDKVIF,NLVPMVATV
CAGPSKTSYDKVIF,NLVPMVATV
CAGPTKTSYDKVIF,NLVPMVATV
CAGPTYSGAGSYQLTF,NLVPMVATV
CAGPWYSGTYKYIF,NLVPMVATV
CAGPYGQNFVF,NLVPMVATV
CAGPYNNARLMF,NLVPMVATV
CAGQAGNDMRF,NLVPMVATV
CAGQANAGNNRKLIW,NLVPMVATV
CAGQGATSGTYKYIF,NLVPMVATV
CAGQGDGGATNKLIF,NLVPMVATV
CAGQGNQFYF,NLVPMVATV
CAGQGYGGATNKLIF,NLVPMVATV
CAGQIYSGAGSYQLTF,NLVPMVATV
CAGQLDAGNMLTF,NLVPMVATV
CAGQLGAGGTSYGKLTF,NLVPMVATV
CAGQLGGTSYGKLTF,NLVPMVATV
CAGQNNAGNMLTF,NLVPMVATV
CAGQNNNARLMF,NLVPMVATV
CAGQPPISSGSARQLTF,NLVPMVATV
CAGQPSRHDDKIIF,NLVPMVATV
CAGQSDLGYGGSQGNLIF,NLVPMVATV
CAGQWELVF,NLVPMVATV
CAGRDNYGQNFVF,NLVPMVATV
CAGRDSGNTGKLIF,NLVPMVATV
CAGRGDDKIIF,NLVPMVATV
CAGRGTNAGKSTF,NLVPMVATV
CAGRKAQTGANNLFF,NLVPMVATV
CAGRLWTDKLIF,NLVPMVATV
CAGRMDSSYKLIF,NLVPMVATV
CAGRPDSGTYKYIF,NLVPMVATV
CAGRPLSGGYNKLIF,NLVPMVATV
CAGRQSVDMRF,NLVPMVATV
CAGRRSGNTGKLIF,NLVPMVATV
CAGRRTDKLIF,NLVPMVATV
CAGRSNTDKLIF,NLVPMVATV
CAGRSNTGNQFYF,NLVPMVATV
CAGRTLNDYKLSF,NLVPMVATV
CAGRTPGGATNKLIF,NLVPMVATV
CAGSDNFNKFYF,NLVPMVATV
CAGSEAGGYNKLIF,NLVPMVATV
CAGSFGGYNKLIF,NLVPMVATV
CAGSGGGADGLTF,NLVPMVATV
CAGSGNTPLVF,NLVPMVATV
CAGSIPPGSARQLTF,NLVPMVATV
CAGSIYNQGGKLIF,NLVPMVATV
CAGSLKTSYDKVIF,NLVPMVATV
CAGSNYKLTF,NLVPMVATV
CAGSVSNYQLIW,NLVPMVATV
CAGTRYNFNKFYF,NLVPMVATV
CAGTTTGTASKLTF,NLVPMVATV
CAGVDNYGQNFVF,NLVPMVATV
CAGVDSNYQLIW,NLVPMVATV
CAGVFSNTGKLIF,NLVPMVATV
CAGVGDSSYKLIF,NLVPMVATV
CAGVGSYFGNEKLTF,NLVPMVATV
CAGVKAAGNKLTF,NLVPMVATV
CAGVPGGADGLTF,NLVPMVATV
CAGVPQTGANNLFF,NLVPMVATV
CAGVSGGYNKLIF,NLVPMVATV
CAGVSTNAGKSTF,NLVPMVATV
CAGVWGGGSNYKLTF,NLVPMVATV
CAGWSVSAGKSTF,NLVPMVATV
CAGYGNKLVF,NLVPMVATV
CAGYMDSNYQLIW,NLVPMVATV
CAGYMYSGGGADGLTF,NLVPMVATV
CAGYSSNTGKLIF,NLVPMVATV
CAHASGGSYIPTF,NLVPMVATV
CAHAYGNNRLAF,NLVPMVATV
CAHENTGFQKLVF,NLVPMVATV
CAHGDNAGNMLTF,NLVPMVATV
CAHGGTSYGKLTF,NLVPMVATV
CAHLADDKIIF,NLVPMVATV
CAHLPDSSYKLIF,NLVPMVATV
CAHSGGYNKLIF,NLVPMVATV
CAHTGRRALTF,NLVPMVATV
CAIFF,NLVPMVATV
CAIGEGGGKLIF,NLVPMVATV
CAIGNNDMRF,NLVPMVATV
CAIGTSYGKLTF,NLVPMVATV
CAIHEANNLFF,NLVPMVATV
CAIHSMDSNYQLIW,NLVPMVATV
CAIISSNTGKLIF,NLVPMVATV
CAILAGNQFYF,NLVPMVATV
CAILDDKIIF,NLVPMVATV
CAILTGGGNKLTF,NLVPMVATV
CAIPRGAQKLVF,NLVPMVATV
CAIPRHPTGGGADGLTF,NLVPMVATV
CAIPSTGAGSYQLTF,NLVPMVATV
CAIQEQGNTPLVF,NLVPMVATV
CAIRAGGTSYGKLTF,NLVPMVATV
CAISGSARQLTF,NLVPMVATV
CAITNSGYSTLTF,NLVPMVATV
CAKSLDGANNLFF,NLVPMVATV
CALAGGATNKLIF,NLVPMVATV
CALAYSSASKIIF,NLVPMVATV
CALCQVGGSYIPTF,NLVPMVATV
CALDIGTNAGKSTF,NLVPMVATV
CALDIHGENGANNLFF,NLVPMVATV
CALDLPWGGNTPLVF,NLVPMVATV
CALDNAGNMLTF,NLVPMVATV
CALDSGGGADGLTF,NLVPMVATV
CALDTDNQFYF,NLVPMVATV
CALDTGNQFYF,NLVPMVATV
CALEDFQKLVF,NLVPMVATV
CALEEGNYGGSQGNLIF,NLVPMVATV
CALEGEYGNKLVF,NLVPMVATV
CALFKGGADGLTF,NLVPMVATV
CALFTGGGNKLTF,NLVPMVATV
CALFYGNNRLAF,NLVPMVATV
CALGAVIYNQGGKLIF,NLVPMVATV
CALGDFTGNQFYF,NLVPMVATV
CALGDLRSGYALNF,NLVPMVATV
CALGDLTSGTYKYIF,NLVPMVATV
CALGDNNARLMF,NLVPMVATV
CALGDPSSGTYKYIF,NLVPMVATV
CALGEILFAGGTSYGKLTF,NLVPMVATV
CALGELDTGGFKTIF,NLVPMVATV
CALGELELRISSGSARQLTF,NLVPMVATV
CALGELEPSGSRLTF,NLVPMVATV
CALGELEPSGSRLTF,NLVPMVATV
CALGELGAGGTSYGKLTF,NLVPMVATV
CALGELGGSYIPTF,NLVPMVATV
CALGELGTGGFKTIF,NLVPMVATV
CALGELKGNFNKFYF,NLVPMVATV
CALGELNYGQNFVF,NLVPMVATV
CALGELSTSGTYKYIF,NLVPMVATV
CALGEPAGGTSYGKLTF,NLVPMVATV
CALGEPTPSTGANSKLTF,NLVPMVATV
CALGEQDSSNTGKLIF,NLVPMVATV
CALGERSSYDKVIF,NLVPMVATV
CALGEVATNKLIF,NLVPMVATV
CALGEVERYSTLTF,NLVPMVATV
CALGGHNTGGFKTIF,NLVPMVATV
CALGGNKLVF,NLVPMVATV
CALGGPPSSASKIIF,NLVPMVATV
CALGNRDDKIIF,NLVPMVATV
CALGRGSTLGRLYF,NLVPMVATV
CALGRGTGNQFYF,NLVPMVATV
CALGWANNLFF,NLVPMVATV
CALHPGNQFYF,NLVPMVATV
CALIPLSGGYNKLIF,NLVPMVATV
CALIQSSGGYNKLIF,NLVPMVATV
CALITWGAGGTSYGKLTF,NLVPMVATV
CALIVPTSGTYKYIF,NLVPMVATV
CALKGGGGNKLTF,NLVPMVATV
CALKSRGGSEKLVF,NLVPMVATV
CALLAGNQFYF,NLVPMVATV
CALLAGNQFYF,NLVPMVATV
CALLAGNQFYF,NLVPMVATV
CALLAGNQFYF,NLVPMVATV
CALLGMDSNYQLIW,NLVPMVATV
CALLIYNQGGKLIF,NLVPMVATV
CALLSEGGGADGLTF,NLVPMVATV
CALLVSSNTGKLIF,NLVPMVATV
CALLYNNNDMRF,NLVPMVATV
CALMDYGNNRLAF,NLVPMVATV
CALMEYGNKLVF,NLVPMVATV
CALMGYSTDKLIF,NLVPMVATV
CALNAGNMLTF,NLVPMVATV
CALNGNQFYF,NLVPMVATV
CALNGRSQGNLIF,NLVPMVATV
CALNRDTGRRALTF,NLVPMVATV
CALNTGGFKTIF,NLVPMVATV
CALNTGGFKTIF,NLVPMVATV
CALPITGANNLFF,NLVPMVATV
CALPPPTSGSRLTF,NLVPMVATV
CALPSGGSYIPTF,NLVPMVATV
CALPVRTGANNLFF,NLVPMVATV
CALQGAQKLVF,NLVPMVATV
CALQSWGGNNARLMF,NLVPMVATV
CALRDTNAGKSTF,NLVPMVATV
CALREGGGSQGNLIF,NLVPMVATV
CALREGTGKLIF,NLVPMVATV
CALRENNAGNMLTF,NLVPMVATV
CALRGEDSNYQLIW,NLVPMVATV
CALRGGGANSKLTF,NLVPMVATV
CALRGTGRRALTF,NLVPMVATV
CALRGTSGSRLTF,NLVPMVATV
CALRKMDSNYKLIF,NLVPMVATV
CALRLAPDSNYQLIW,NLVPMVATV
CALRPGANNLFF,NLVPMVATV
CALRPGGYNKLIF,NLVPMVATV
CALRPRDYGQNFVF,NLVPMVATV
CALRQTGANNLFF,NLVPMVATV
CALRTTSGTYKYIF,NLVPMVATV
CALSAGFQKLVF,NLVPMVATV
CALSALESGSARQLTF,NLVPMVATV
CALSAPVIIQGAQKLVF,NLVPMVATV
CALSATDTGFQKLVF,NLVPMVATV
CALSDNYGQNFVF,NLVPMVATV
CALSDPIGRVNRKLTF,NLVPMVATV
CALSDPPPYTGANSKLTF,NLVPMVATV
CALSDPTSGGYQKVTF,NLVPMVATV
CALSDRGSGGSYIPTF,NLVPMVATV
CALSDRYGGSQGNLIF,NLVPMVATV
CALSDWNSGGSNYKLTF,NLVPMVATV
CALSEAEDAGNMLTF,NLVPMVATV
CALSEAFPQGGSEKLVF,NLVPMVATV
CALSEAGDDKIIF,NLVPMVATV
CALSEAGETSGSRLTF,NLVPMVATV
CALSEAGFSGGYNKLIF,NLVPMVATV
CALSEAINQAGTALIF,NLVPMVATV
CALSEALGKGSRGSTLGRLYF,NLVPMVATV
CALSEAMVEYGNKLVF,NLVPMVATV
CALSEARMDSSYKLIF,NLVPMVATV
CALSEARSGANNLFF,NLVPMVATV
CALSEARSGSARQLTF,NLVPMVATV
CALSEASGYSTLTF,NLVPMVATV
CALSEASYGDYKLSF,NLVPMVATV
CALSEATGGSYIPTF,NLVPMVATV
CALSEATTGYSTLTF,NLVPMVATV
CALSEAYGNNRLAF,NLVPMVATV
CALSEEDYGQNFVF,NLVPMVATV
CALSEESNFGNEKLTF,NLVPMVATV
CALSEETSGSRLTF,NLVPMVATV
CALSEGGGSYIPTF,NLVPMVATV
CALSEGPLTSGTYKYIF,NLVPMVATV
CALSEIDSNYQLIW,NLVPMVATV
CALSEISNFGNEKLTF,NLVPMVATV
CALSELDSNYQLIW,NLVPMVATV
CALSELDYGQNFVF,NLVPMVATV
CALSENHDYKLSF,NLVPMVATV
CALSEPGGGGYNKLIF,NLVPMVATV
CALSEQGGSEKLVF,NLVPMVATV
CALSEQGGSKKLVF,NLVPMVATV
CALSESEGSTLGRLYF,NLVPMVATV
CALSESPLSEEDYKLSF,NLVPMVATV
CALSESPSNTGKLIF,NLVPMVATV
CALSESPTGANNLFF,NLVPMVATV
CALSESRNTGTASKLTF,NLVPMVATV
CALSESVSSGSARQLTF,NLVPMVATV
CALSEVDSNYQLIW,NLVPMVATV
CALSEWEYGNKLVF,NLVPMVATV
CALSEYSSASKIIF,NLVPMVATV
CALSFAGGYQKVTF,NLVPMVATV
CALSGFMDSNYQLIW,NLVPMVATV
CALSGGSGGTSYGKLTF,NLVPMVATV
CALSGGSNYKLTF,NLVPMVATV
CALSGHSGNTPLVF,NLVPMVATV
CALSGPNAGGTSYGKLTF,NLVPMVATV
CALSGPNSGYSTLTF,NLVPMVATV
CALSGSGGSNYKLTF,NLVPMVATV
CALSGSGGYNKLIF,NLVPMVATV
CALSGSGTYKYIF,NLVPMVATV
CALSGSKLIF,NLVPMVATV
CALSGTYKYIF,NLVPMVATV
CALSGYYGQNFVF,NLVPMVATV
CALSISSGSARQLTF,NLVPMVATV
CALSLFSGNTPLVF,NLVPMVATV
CALSLGGANSKLTF,NLVPMVATV
CALSNSGYALNF,NLVPMVATV
CALSPGTASKLTF,NLVPMVATV
CALSPYSYNTDKLIF,NLVPMVATV
CALSQGGGFKTIF,NLVPMVATV
CALSSSNTGNQFYF,NLVPMVATV
CALSYAGNNRKLIW,NLVPMVATV
CALSYNTDKLIF,NLVPMVATV
CALTFNTNAGKSTF,NLVPMVATV
CALTGAGSYQLTF,NLVPMVATV
CALTGTASKLTF,NLVPMVATV
CALTGTASKLTF,NLVPMVATV
CALTLPQTGANNLFF,NLVPMVATV
CALTPSNTGKLIF,NLVPMVATV
CALTSGGGADGLTF,NLVPMVATV
CALTYTGGFKTIF,NLVPMVATV
CALVDARLMF,NLVPMVATV
CALVRSNDYKLSF,NLVPMVATV
CALVTGNQFYF,NLVPMVATV
CALWGAGNMLTF,NLVPMVATV
CALWNNARLMF,NLVPMVATV
CALYGNKLVF,NLVPMVATV
CALYPGIQGAQKLVF,NLVPMVATV
CALYSFSGGYNKLIF,NLVPMVATV
CAMFSGGYNKLIF,NLVPMVATV
CAMGALDYKLSF,NLVPMVATV
CAMGESNQFYF,NLVPMVATV
CAMGLTGGGNKLTF,NLVPMVATV
CAMGSNYKLTF,NLVPMVATV
CAMGVTGGGNKLTF,NLVPMVATV
CAMGYIPTF,NLVPMVATV
CAMIGSGAGSYQLTF,NLVPMVATV
CAMKALSMDSSYKLIF,NLVPMVATV
CAMKGSARQLTF,NLVPMVATV
CAMKGWTGTALIF,NLVPMVATV
CAMKHNYGQNFVF,NLVPMVATV
CAMKVNSGGYQKVTF,NLVPMVATV
CAMLNSGGYQKVTF,NLVPMVATV
CAMMDTGRRALTF,NLVPMVATV
CAMMGGNTGKLIF,NLVPMVATV
CAMNNTDKLIF,NLVPMVATV
CAMNRDDKIIF,NLVPMVATV
CAMNTGFQKLVF,NLVPMVATV
CAMPLNDYKLSF,NLVPMVATV
CAMRALSMDSSYKLIF,NLVPMVATV
CAMRALTF,NLVPMVATV
CAMRAPLNFNKFYF,NLVPMVATV
CAMRAYAGGTSYGKLTF,NLVPMVATV
CAMRDDYGQNFVF,NLVPMVATV
CAMRDEGRDDKIIF,NLVPMVATV
CAMRDKVLSGGSNYKLTF,NLVPMVATV
CAMRDNPGGTSYGKLTF,NLVPMVATV
CAMRDSGTYKYIF,NLVPMVATV
CAMREANDNYGQNFVF,NLVPMVATV
CAMREFASGGSYIPTF,NLVPMVATV
CAMREFSNDYKLSF,NLVPMVATV
CAMREGEDSSYKLIF,NLVPMVATV
CAMREGGGSNYKLTF,NLVPMVATV
CAMREGGMDSSYKLIF,NLVPMVATV
CAMREGGRNSGYSTLTF,NLVPMVATV
CAMREGLFSGGYNKLIF,NLVPMVATV
CAMREGMNSGYSTLTF,NLVPMVATV
CAMREGNNTNAGKSTF,NLVPMVATV
CAMREGQDFGNEKLTF,NLVPMVATV
CAMREGQWGGSQGNLIF,NLVPMVATV
CAMREGRDDKIIF,NLVPMVATV
CAMREGRGTDKLIF,NLVPMVATV
CAMREGSGGSYIPTF,NLVPMVATV
CAMREGSSGNTGKLIF,NLVPMVATV
CAMREGVPDTPLVF,NLVPMVATV
CAMRELTNAGGTSYGKLTF,NLVPMVATV
CAMRENDTGGFKTIF,NLVPMVATV
CAMRERNYGQNFVF,NLVPMVATV
CAMRERVDGNEKLTF,NLVPMVATV
CAMRESANQAGTALIF,NLVPMVATV
CAMRESLGGGYQKVTF,NLVPMVATV
CAMREVLNRLAF,NLVPMVATV
CAMREVVGDSSYKLIF,NLVPMVATV
CAMREWDAGNMLTF,NLVPMVATV
CAMREYQAGTALIF,NLVPMVATV
CAMRGFLASGGSYIPTF,NLVPMVATV
CAMRGLLQGAQKLVF,NLVPMVATV
CAMRGNQAGTALIF,NLVPMVATV
CAMRGSNYKLTF,NLVPMVATV
CAMRGTLFGNEKLTF,NLVPMVATV
CAMRGWETSGSRLTF,NLVPMVATV
CAMRLTDSNYQLIW,NLVPMVATV
CAMRPGFGNEKLTF,NLVPMVATV
CAMRPTGGFKTIF,NLVPMVATV
CAMRPYNFNKFYF,NLVPMVATV
CAMRPYYGNNRLAF,NLVPMVATV
CAMRSSFSGGYNKLIF,NLVPMVATV
CAMRVLSGNTGKLIF,NLVPMVATV
CAMRVLTGRRALTF,NLVPMVATV
CAMRYDTGGFKTIF,NLVPMVATV
CAMSADSGGGADGLTF,NLVPMVATV
CAMSANFGNEKLTF,NLVPMVATV
CAMSANSNYQLIW,NLVPMVATV
CAMSAPGGSYIPTF,NLVPMVATV
CAMSAPGGYQKVTF,NLVPMVATV
CAMSAPNFGNEKLTF,NLVPMVATV
CAMSAQRDDKIIF,NLVPMVATV
CAMSAWTGTASKLTF,NLVPMVATV
CAMSAYAGGTSYGKLTF,NLVPMVATV
CAMSAYAGNMLTF,NLVPMVATV
CAMSAYGGGGADGLTF,NLVPMVATV
CAMSAYTGRRALTF,NLVPMVATV
CAMSDGYSSASKIIF,NLVPMVATV
CAMSDRGSTLGRLYF,NLVPMVATV
CAMSDSNTGKLIF,NLVPMVATV
CAMSDTNTGNQFYF,NLVPMVATV
CAMSDYKLSF,NLVPMVATV
CAMSEDNNARLMF,NLVPMVATV
CAMSEGDDKIIF,NLVPMVATV
CAMSGADTGFQKLVF,NLVPMVATV
CAMSGDNQGGKLIF,NLVPMVATV
CAMSGGGADGLTF,NLVPMVATV
CAMSGSARQLTF,NLVPMVATV
CAMSHQTGANNLFF,NLVPMVATV
CAMSIGGSNYKLTF,NLVPMVATV
CAMSLDYGQNFVF,NLVPMVATV
CAMSLSNFGNEKLTF,NLVPMVATV
CAMSPAWHSTLTF,NLVPMVATV
CAMSPGRDSNYQLIW,NLVPMVATV
CAMSPPTGANSKLTF,NLVPMVATV
CAMSPYNQAGTALIF,NLVPMVATV
CAMSTAAYKYIF,NLVPMVATV
CAMSTEDSSYKLIF,NLVPMVATV
CAMSTGGFKTIF,NLVPMVATV
CAMSTGGGNKLTF,NLVPMVATV
CAMSTTNAGKSTF,NLVPMVATV
CAMSVDNAGNMLTF,NLVPMVATV
CAMSVEEYGNKLVF,NLVPMVATV
CAMSVIYNNNDMRF,NLVPMVATV
CAMSVSNSGYALNF,NLVPMVATV
CAMSVVDSSYKLIF,NLVPMVATV
CAMSVVNSGYALNF,NLVPMVATV
CAMSYNAGNNRKLIW,NLVPMVATV
CAMSYNQGGKLIF,NLVPMVATV
CAMTASGTYKYIF,NLVPMVATV
CAMTQRDFGNEKLTF,NLVPMVATV
CAMTRNARLMF,NLVPMVATV
CANAGNMLTF,NLVPMVATV
CANFNGGNQFYF,NLVPMVATV
CAPAGGNNARLMF,NLVPMVATV
CAPARETGGGADGLTF,NLVPMVATV
CAPCGYGDATNKLIF,NLVPMVATV
CAPCGYGGATNKLIF,NLVPMVATV
CAPCSNDYKLSF,NLVPMVATV
CAPDNYGQNFVF,NLVPMVATV
CAPDSNYQLIW,NLVPMVATV
CAPDTGANSKLTF,NLVPMVATV
CAPFSGTYKYIF,NLVPMVATV
CAPGAGSYQLTF,NLVPMVATV
CAPGDARLMF,NLVPMVATV
CAPHNNAGNMLTF,NLVPMVATV
CAPHNNFGNEKLTF,NLVPMVATV
CAPHQEGNAGNMLTF,NLVPMVATV
CAPIQTGANNLFF,NLVPMVATV
CAPLAGNQFYF,NLVPMVATV
CAPLQDSNYQLIW,NLVPMVATV
CAPLTYGNNRLAF,NLVPMVATV
CAPNAGNNRKLIW,NLVPMVATV
CAPPGDRGSTLGRLYF,NLVPMVATV
CAPPISGTYKYIF,NLVPMVATV
CAPPPFYNQGGKLIF,NLVPMVATV
CAPQGDSNYQLIW,NLVPMVATV
CAPQGDTGRRALTF,NLVPMVATV
CAPQGLDGTASKLTF,NLVPMVATV
CAPQTGGFKTIF,NLVPMVATV
CAPRGDNYGQNFVF,NLVPMVATV
CAPRGGNDYKLSF,NLVPMVATV
CAPRIQRNNNARLMF,NLVPMVATV
CAPRLSSGSARQLTF,NLVPMVATV
CAPSFYSGGGADGLTF,NLVPMVATV
CAPSGNTGKLIF,NLVPMVATV
CAPSNSNSGYALNF,NLVPMVATV
CAPSRGYQKVTF,NLVPMVATV
CAPTRGGYTGRRALTF,NLVPMVATV
CAPTSYNTDKLIF,NLVPMVATV
CAPYNNDMRF,NLVPMVATV
CAQASGGSYIPTF,NLVPMVATV
CAQEGAGNNRKLIW,NLVPMVATV
CAQNRDDKIIF,NLVPMVATV
CAQWDNYGQNFVF,NLVPMVATV
CARATYDKIIF,NLVPMVATV
CARFNNAGNMLTF,NLVPMVATV
CARGFQKLVF,NLVPMVATV
CARGSGGGADGLTF,NLVPMVATV
CARGVGNTGKLIF,NLVPMVATV
CARISGAGSYQLTF,NLVPMVATV
CARNTGKLIF,NLVPMVATV
CARNTGNQFYF,NLVPMVATV
CARNTGNQFYF,NLVPMVATV
CARQGAQKLVF,NLVPMVATV
CARRGSTLGRLYF,NLVPMVATV
CARSRGYSTLTF,NLVPMVATV
CARTAGGYQKVTF,NLVPMVATV
CARTNQAGTALIF,NLVPMVATV
CASALNNAGNMLTF,NLVPMVATV
CASEGYGQNFVF,NLVPMVATV
CASFLQGAQKLVF,NLVPMVATV
CASFQGGSEKLVF,NLVPMVATV
CASFSGAQKLVF,NLVPMVATV
CASGEGNKLVF,NLVPMVATV
CASGGSYIPTF,NLVPMVATV
CASGNNAGLMF,NLVPMVATV
CASGNNARLMF,NLVPMVATV
CASGSQGNLIF,NLVPMVATV
CASGSSNTGKLIF,NLVPMVATV
CASGTGNQFYF,NLVPMVATV
CASKSGYSTLTF,NLVPMVATV
CASLGRGSTLGRLYF,NLVPMVATV
CASMNYGGSQGNLIF,NLVPMVATV
CASNAGGTSYGKLTF,NLVPMVATV
CASNTDKLIF,NLVPMVATV
CASNTGNQFYF,NLVPMVATV
CASNTGNQFYF,NLVPMVATV
CASPDSNYQLIW,NLVPMVATV
CASPKGGSYIPTF,NLVPMVATV
CASPLDSSYKLIF,NLVPMVATV
CASPMDSNYKLIF,NLVPMVATV
CASPMDSSYKLIF,NLVPMVATV
CASPNSGGYQKVTF,NLVPMVATV
CASPRPQTGANNLFF,NLVPMVATV
CASPTGNQFYF,NLVPMVATV
CASPTYNNNDMRF,NLVPMVATV
CASQGAGNMLTF,NLVPMVATV
CASQGYGQNFVF,NLVPMVATV
CASRGGGGADGLTF,NLVPMVATV
CASSGGYQKVTF,NLVPMVATV
CASSIGPEGGSYIPTF,NLVPMVATV
CASSNAGGTSYGKLTF,NLVPMVATV
CASSTTSGTYKYIF,NLVPMVATV
CASTMDSSYKLIF,NLVPMVATV
CASTNSNSGYALNF,NLVPMVATV
CASTSNTSKLIF,NLVPMVATV
CASYAGNNRKLIW,NLVPMVATV
CASYNDYKLSF,NLVPMVATV
CASYNFNKFYF,NLVPMVATV
CASYSSASKIIF,NLVPMVATV
CASYTNAGKSTF,NLVPMVATV
CASYYGGATNKLIF,NLVPMVATV
CATAALGSSNTGKLIF,NLVPMVATV
CATADRGSTLGRLYF,NLVPMVATV
CATALNTGFQKLVF,NLVPMVATV
CATAPSRGSTLGRLYF,NLVPMVATV
CATASSNSGYALNF,NLVPMVATV
CATAVYSGGGADGLTF,NLVPMVATV
CATAYVDSSYKLIF,NLVPMVATV
CATDAAGNQFYF,NLVPMVATV
CATDAALNDYKLSF,NLVPMVATV
CATDAAQGGSEKLVF,NLVPMVATV
CATDAAVGETSGSRLTF,NLVPMVATV
CATDADRGSTLGRLYF,NLVPMVATV
CATDADSGYSTLTF,NLVPMVATV
CATDAEGYSTLTF,NLVPMVATV
CATDAGAGTALIF,NLVPMVATV
CATDAMGRGSTLGRLYF,NLVPMVATV
CATDARLGGSEKLVF,NLVPMVATV
CATDARSGNTPLVF,NLVPMVATV
CATDATGGSYIPTF,NLVPMVATV
CATDAWETSGSRLTF,NLVPMVATV
CATDAYTNQAGTALIF,NLVPMVATV
CATDDMDFGNEKLTF,NLVPMVATV
CATDEREYGNKLVF,NLVPMVATV
CATDESGSRLTF,NLVPMVATV
CATDESSDYKLSF,NLVPMVATV
CATDETGANNLFF,NLVPMVATV
CATDEVDNQGGKLIF,NLVPMVATV
CATDFNARLMF,NLVPMVATV
CATDGNTGKLIF,NLVPMVATV
CATDKGNRDDKIIF,NLVPMVATV
CATDKNRGSTLGRLYF,NLVPMVATV
CATDNFNKFYF,NLVPMVATV
CATDNGNKLVF,NLVPMVATV
CATDPDSNYQLIW,NLVPMVATV
CATDRAQTGANNLFF,NLVPMVATV
CATDRDDYKLSF,NLVPMVATV
CATDRMNSGYSTLTF,NLVPMVATV
CATDRNDYKLSF,NLVPMVATV
CATDSFPTTSGTYKYIF,NLVPMVATV
CATDSNAGNNRKLIW,NLVPMVATV
CATDSSGYSTLTF,NLVPMVATV
CATDSVHKLSF,NLVPMVATV
CATDVAGGSYIPTF,NLVPMVATV
CATDVGNTGKLIF,NLVPMVATV
CATDVWGDNYGQNFVF,NLVPMVATV
CATDYDRGSTLGRLYF,NLVPMVATV
CATEDDKIIF,NLVPMVATV
CATGAGGSYIPTF,NLVPMVATV
CATGANSKLTF,NLVPMVATV
CATGGGKLIF,NLVPMVATV
CATGLSNFGNEKLTF,NLVPMVATV
CATGSEDMRF,NLVPMVATV
CATGSNYQLIW,NLVPMVATV
CATGSTNTGNQFYF,NLVPMVATV
CATGTGANNLFF,NLVPMVATV
CATIRTGNQFYF,NLVPMVATV
CATKNTGNQFYF,NLVPMVATV
CATMAGGSYIPTF,NLVPMVATV
CATMDSNYQLIW,NLVPMVATV
CATNPLDTGRRALTF,NLVPMVATV
CATPGGSYIPTF,NLVPMVATV
CATPLNRETSGSRLTF,NLVPMVATV
CATPNGGGSTLGRLYF,NLVPMVATV
CATPPFSGGYNKLIF,NLVPMVATV
CATSRGNQFYF,NLVPMVATV
CATSSGGYNKLIF,NLVPMVATV
CATSTGANNLFF,NLVPMVATV
CATTDTTSGTYKYIF,NLVPMVATV
CATVDNYGQNFVF,NLVPMVATV
CATVDTGRRALTF,NLVPMVATV
CATVFDKIIF,NLVPMVATV
CATVGAGNMLTF,NLVPMVATV
CATVNSGYSTLTF,NLVPMVATV
CATVPMDSSYKLIF,NLVPMVATV
CATVTNAGKSTF,NLVPMVATV
CATYLTGNQFYF,NLVPMVATV
CAVAANNNARLMF,NLVPMVATV
CAVADSGGGADGLTF,NLVPMVATV
CAVAFGNQFYF,NLVPMVATV
CAVAGDSSYKLIF,NLVPMVATV
CAVAGQAGTALIF,NLVPMVATV
CAVAPGQNFVF,NLVPMVATV
CAVAPMMDSSYKLIF,NLVPMVATV
CAVAPYSGGSNYKLTF,NLVPMVATV
CAVARNSGNTPLVF,NLVPMVATV
CAVASDYKLSF,NLVPMVATV
CAVASGYSTLTF,NLVPMVATV
CAVATYYGGSQGNLIF,NLVPMVATV
CAVAVGGGNKLTF,NLVPMVATV
CAVAVGNQFYF,NLVPMVATV
CAVAWYSSASKIIF,NLVPMVATV
CAVCMNRDDKIIF,NLVPMVATV
CAVCNFNKFYF,NLVPMVATV
CAVDDNNAGNMLTF,NLVPMVATV
CAVDDSANDYKLSF,NLVPMVATV
CAVDDSNYQLIW,NLVPMVATV
CAVDEETSGSRLTF,NLVPMVATV
CAVDEGGGADGLTF,NLVPMVATV
CAVDIETSGSRLTF,NLVPMVATV
CAVDIMDSNYQLIW,NLVPMVATV
CAVDKDNTDKLIF,NLVPMVATV
CAVDMDSTRDDKIIF,NLVPMVATV
CAVDMPGSDSNYQLIW,NLVPMVATV
CAVDMRF,NLVPMVATV
CAVDMWPYNYQLIW,NLVPMVATV
CAVDNFGNEKLTF,NLVPMVATV
CAVDNTNAGKSTF,NLVPMVATV
CAVDNYGQNFVF,NLVPMVATV
CAVDPIKAAGNKLTF,NLVPMVATV
CAVDPPFSGGYNKLIF,NLVPMVATV
CAVDQTGNQFYF,NLVPMVATV
CAVDRDDKIIF,NLVPMVATV
CAVDRGSTLGRLYF,NLVPMVATV
CAVDRTTSGTYKYIF,NLVPMVATV
CAVDSAGEYGNKLVF,NLVPMVATV
CAVDSGNKLVF,NLVPMVATV
CAVDTGRGALTF,NLVPMVATV
CAVDTGRRALTF,NLVPMVATV
CAVDVETSGSRLTF,NLVPMVATV
CAVEAGTGANNLFF,NLVPMVATV
CAVEALWDDKIIF,NLVPMVATV
CAVEAPGGGTSYGKLTF,NLVPMVATV
CAVEASGAGNNRKLIW,NLVPMVATV
CAVEDAGKSTF,NLVPMVATV
CAVEDYNQGGKLIF,NLVPMVATV
CAVEGDTGGGNKLTF,NLVPMVATV
CAVEGTGNQFYF,NLVPMVATV
CAVEHQTGANNLFF,NLVPMVATV
CAVELDTGTASKLTF,NLVPMVATV
CAVELIWGGNTGKLIF,NLVPMVATV
CAVENWVTGGGNKLTF,NLVPMVATV
CAVENYGQNFVF,NLVPMVATV
CAVERGTGGFKTIF,NLVPMVATV
CAVERLGSNYKLTF,NLVPMVATV
CAVERLTGGGNKLTF,NLVPMVATV
CAVEYGNKLVF,NLVPMVATV
CAVEYGNKLVF,NLVPMVATV
CAVEYQAGTALIF,NLVPMVATV
CAVEYRNKLVF,NLVPMVATV
CAVEYSGAGSYQLTF,NLVPMVATV
CAVFHSGGGADGLTF,NLVPMVATV
CAVFLFTSVDNDMRF,NLVPMVATV
CAVFRDDKIIF,NLVPMVATV
CAVFSGRRALTF,NLVPMVATV
CAVFTGANSKLTF,NLVPMVATV
CAVFYGGSQGNLIF,NLVPMVATV
CAVGAAGNKLTF,NLVPMVATV
CAVGADDYKLSF,NLVPMVATV
CAVGADGGATNKLIF,NLVPMVATV
CAVGAEIGNEKLTF,NLVPMVATV
CAVGAFMEYGNKLVF,NLVPMVATV
CAVGAFNGNKLVF,NLVPMVATV
CAVGAGTGTASKLTF,NLVPMVATV
CAVGANSGYSTLTF,NLVPMVATV
CAVGAQTGRRALTF,NLVPMVATV
CAVGAREDSSYKLIF,NLVPMVATV
CAVGAREGNKLVF,NLVPMVATV
CAVGATTSGTYKYIF,NLVPMVATV
CAVGDDPGGFKTIF,NLVPMVATV
CAVGDMNYGGSQGNLIF,NLVPMVATV
CAVGDRSDMRF,NLVPMVATV
CAVGEGTSYGKLTF,NLVPMVATV
CAVGESNQFYF,NLVPMVATV
CAVGFTSGTYKYIF,NLVPMVATV
CAVGGFKTIF,NLVPMVATV
CAVGGGADGLTF,NLVPMVATV
CAVGGGSNYKLTF,NLVPMVATV
CAVGGVTGGGNKLTF,NLVPMVATV
CAVGHNTDKLIF,NLVPMVATV
CAVGLDYGGSQGNLIF,NLVPMVATV
CAVGMDSSYKLIF,NLVPMVATV
CAVGPGYSSASKIIF,NLVPMVATV
CAVGPHNRDDKIIF,NLVPMVATV
CAVGPLRRYSTLTF,NLVPMVATV
CAVGPLYNAGNNRKLIW,NLVPMVATV
CAVGPNDYKLSF,NLVPMVATV
CAVGPYNNARLMF,NLVPMVATV
CAVGQDFVF,NLVPMVATV
CAVGQGAQKLVF,NLVPMVATV
CAVGQGSTGNQFYF,NLVPMVATV
CAVGQNFVF,NLVPMVATV
CAVGRLNNNARLMF,NLVPMVATV
CAVGSETGANNLFF,NLVPMVATV
CAVGSNDYKLSF,NLVPMVATV
CAVGSNFGNEKLTF,NLVPMVATV
CAVGSNSGYALNF,NLVPMVATV
CAVGSSYKLIF,NLVPMVATV
CAVGSYNAGNMLTF,NLVPMVATV
CAVGTNQAGTALIF,NLVPMVATV
CAVGTSGTYKYIF,NLVPMVATV
CAVGTTSGTYKYIF,NLVPMVATV
CAVGWGNNDMRF,NLVPMVATV
CAVGYAGGTSYGKLTF,NLVPMVATV
CAVGYARLMF,NLVPMVATV
CAVGYGSGYSTLTF,NLVPMVATV
CAVGYSGYSTLTF,NLVPMVATV
CAVHDDKLIF,NLVPMVATV
CAVHPFSGGYNKLIF,NLVPMVATV
CAVHSGNTPLVF,NLVPMVATV
CAVHSSNTGKLIF,NLVPMVATV
CAVHTNAGKSTF,NLVPMVATV
CAVHTPYGQNFVF,NLVPMVATV
CAVIAGGTSYGKLTF,NLVPMVATV
CAVIFQAGNNRKLIW,NLVPMVATV
CAVIGVNNFNKFYF,NLVPMVATV
CAVIIISNFGNEKLTF,NLVPMVATV
CAVIKAAGNKLTF,NLVPMVATV
CAVILHGSSNTGKLIF,NLVPMVATV
CAVILNDMRF,NLVPMVATV
CAVILSGSARQLTF,NLVPMVATV
CAVINSGYSTLTF,NLVPMVATV
CAVINYGQNFVF,NLVPMVATV
CAVIPAGNKLTF,NLVPMVATV
CAVIPGNTGKLIF,NLVPMVATV
CAVIPMDSSYKLIF,NLVPMVATV
CAVIPMDSSYKLIF,NLVPMVATV
CAVISDRGSTLGRLYF,NLVPMVATV
CAVISGGYQKVTF,NLVPMVATV
CAVISNNDMRF,NLVPMVATV
CAVIVNSGYALNF,NLVPMVATV
CAVKDDKIIF,NLVPMVATV
CAVKDGATNKLIF,NLVPMVATV
CAVKEGGSYIPTF,NLVPMVATV
CAVKETSGSRLTF,NLVPMVATV
CAVKETSGSRLTF,NLVPMVATV
CAVKGGSYIPTF,NLVPMVATV
CAVKGLDSGAGSYQLTF,NLVPMVATV
CAVKGNNARLMF,NLVPMVATV
CAVKGSGYALNF,NLVPMVATV
CAVKGTDKLIF,NLVPMVATV
CAVKKAAGNKLTF,NLVPMVATV
CAVKNGGYQKVTF,NLVPMVATV
CAVKNSNYQLIW,NLVPMVATV
CAVKQGFGNEKLTF,NLVPMVATV
CAVKRGFQKLVF,NLVPMVATV
CAVKRLSLTF,NLVPMVATV
CAVKSKAAGNKLTF,NLVPMVATV
CAVKSQTGANNLFF,NLVPMVATV
CAVKSSNQGGKLIF,NLVPMVATV
CAVKTDSNYQLIW,NLVPMVATV
CAVKWEDSSYKLIF,NLVPMVATV
CAVLAGGGNKLTF,NLVPMVATV
CAVLAGGSYIPTF,NLVPMVATV
CAVLDNYGQNFVF,NLVPMVATV
CAVLETQGGKLIF,NLVPMVATV
CAVLGGANNLFF,NLVPMVATV
CAVLGGSQGNLIF,NLVPMVATV
CAVLGGSQGNLIF,NLVPMVATV
CAVLIYNQGGKLIF,NLVPMVATV
CAVLIYNTDKLIF,NLVPMVATV
CAVLLMF,NLVPMVATV
CAVLMDSSYKLIF,NLVPMVATV
CAVLNQGGKLIF,NLVPMVATV
CAVLNYGQNFVF,NLVPMVATV
CAVLPGAGGTSYGKLTF,NLVPMVATV
CAVLPISSGSARQLTF,NLVPMVATV
CAVLPNDYKLSF,NLVPMVATV
CAVLQTGANSKLTF,NLVPMVATV
CAVLRSPSGTYKYIF,NLVPMVATV
CAVLSGGGADGLTF,NLVPMVATV
CAVLSLSGSARQLTF,NLVPMVATV
CAVLTGTASKLTF,NLVPMVATV
CAVLTSGTYKYIF,NLVPMVATV
CAVLYNFNKFYF,NLVPMVATV
CAVMGMDSSYKLIF,NLVPMVATV
CAVMGMDSSYKLIF,NLVPMVATV
CAVNAGGSYIPTF,NLVPMVATV
CAVNAGGTSYGKLTF,NLVPMVATV
CAVNAGGYQKVTF,NLVPMVATV
CAVNALGSGYALNF,NLVPMVATV
CAVNALYFNRGSTLGRLYF,NLVPMVATV
CAVNAPSNYQLIW,NLVPMVATV
CAVNARPARQLTF,NLVPMVATV
CAVNEDSSYKLIF,NLVPMVATV
CAVNEGASSGGYQKVTF,NLVPMVATV
CAVNEVEGNKLVF,NLVPMVATV
CAVNFGNMLTF,NLVPMVATV
CAVNGDSNYQLIW,NLVPMVATV
CAVNGGSSASKIIF,NLVPMVATV
CAVNHRGSTLGRLYF,NLVPMVATV
CAVNIGTGFQKLVF,NLVPMVATV
CAVNLEYGNKLVF,NLVPMVATV
CAVNLGAAGNKLTF,NLVPMVATV
CAVNLNSGGSNYKLTF,NLVPMVATV
CAVNMATGRRALTF,NLVPMVATV
CAVNMGRGSTLGRLYF,NLVPMVATV
CAVNMVTGGGNKLTF,NLVPMVATV
CAVNNAGNMLTF,NLVPMVATV
CAVNNNARLMF,NLVPMVATV
CAVNNYGGATNKLIF,NLVPMVATV
CAVNPDNTDKLIF,NLVPMVATV
CAVNPMNRDDKIIF,NLVPMVATV
CAVNPTGNQFYF,NLVPMVATV
CAVNPYFGNEKLTF,NLVPMVATV
CAVNQAGTALIF,NLVPMVATV
CAVNRGGKSTF,NLVPMVATV
CAVNRGRPSGSARQLTF,NLVPMVATV
CAVNRGYGQNFVF,NLVPMVATV
CAVNSDTGRRALTF,NLVPMVATV
CAVNSGGYNKLIF,NLVPMVATV
CAVNSGYALNF,NLVPMVATV
CAVNSGYGQNFVF,NLVPMVATV
CAVNSNDYKLSF,NLVPMVATV
CAVNSYGNKLVF,NLVPMVATV
CAVNTGFQKLVF,NLVPMVATV
CAVNTGNQFYF,NLVPMVATV
CAVNVPNFGNEKLTF,NLVPMVATV
CAVNYGGSQGNLIF,NLVPMVATV
CAVPASGGSYIPTF,NLVPMVATV
CAVPDDYKLSF,NLVPMVATV
CAVPDLYNQGGKLIF,NLVPMVATV
CAVPDNYGQNFVF,NLVPMVATV
CAVPGDSSYKLIF,NLVPMVATV
CAVPGFQKLVF,NLVPMVATV
CAVPGGGADGLTF,NLVPMVATV
CAVPGTSGSARQLTF,NLVPMVATV
CAVPGTYKYIF,NLVPMVATV
CAVPHGGATNKLIF,NLVPMVATV
CAVPKNRDDKIIF,NLVPMVATV
CAVPKSGGSYIPTF,NLVPMVATV
CAVPNNARLMF,NLVPMVATV
CAVPNQAGTALIF,NLVPMVATV
CAVPNQAGTALIF,NLVPMVATV
CAVPNTGKLIF,NLVPMVATV
CAVPPSGGGADGLTF,NLVPMVATV
CAVPQTGANNLFF,NLVPMVATV
CAVPRSNDYKLSF,NLVPMVATV
CAVPSGGYNKLIF,NLVPMVATV
CAVPSGGYNKLIF,NLVPMVATV
CAVPTGNQFYF,NLVPMVATV
CAVPWGAAGNKLTF,NLVPMVATV
CAVQADSGGYQKVTF,NLVPMVATV
CAVQADSNSGYALNF,NLVPMVATV
CAVQAGGSQGNLIF,NLVPMVATV
CAVQAGNSGGYQKVTF,NLVPMVATV
CAVQAIAAGNKLTF,NLVPMVATV
CAVQAIAGNMLTF,NLVPMVATV
CAVQALSNSGYALNF,NLVPMVATV
CAVQALSSGSARQLTF,NLVPMVATV
CAVQALTSYNNAGNMLTF,NLVPMVATV
CAVQAPSETSGSRLTF,NLVPMVATV
CAVQAQGSNDYKLSF,NLVPMVATV
CAVQARAAGNKLTF,NLVPMVATV
CAVQARDSNSGYALNF,NLVPMVATV
CAVQARIPGTYKYIF,NLVPMVATV
CAVQASGATNKLIF,NLVPMVATV
CAVQASIRQNFVF,NLVPMVATV
CAVQASRAAGNKLTF,NLVPMVATV
CAVQATGNQFYF,NLVPMVATV
CAVQAVPDKLIF,NLVPMVATV
CAVQAWLTGGGNKLTF,NLVPMVATV
CAVQAWTSGSARQLTF,NLVPMVATV
CAVQDNAGNNRKLIW,NLVPMVATV
CAVQDNQGGKLIF,NLVPMVATV
CAVQDYQAGTALIF,NLVPMVATV
CAVQENTGFQKLVF,NLVPMVATV
CAVQERDNAGNMLTF,NLVPMVATV
CAVQGFKTIF,NLVPMVATV
CAVQGGGGKLIF,NLVPMVATV
CAVQGGNMLTF,NLVPMVATV
CAVQGNFNKFYF,NLVPMVATV
CAVQGNTGFQKLVF,NLVPMVATV
CAVQHRRALTF,NLVPMVATV
CAVQPENNARLMF,NLVPMVATV
CAVQPNSGGSNYKLTF,NLVPMVATV
CAVQPTDDQTGANNLFF,NLVPMVATV
CAVQQGGSYIPTF,NLVPMVATV
CAVQSHNTDKLIF,NLVPMVATV
CAVQSRGADGLTF,NLVPMVATV
CAVQTGANNLFF,NLVPMVATV
CAVQTLYGGATNKLIF,NLVPMVATV
CAVQVPPLFGGYQKVTF,NLVPMVATV
CAVRAFYNQGGKLIF,NLVPMVATV
CAVRAPSGGSYIPTF,NLVPMVATV
CAVRAQETSGSRLTF,NLVPMVATV
CAVRARDSSYKLIF,NLVPMVATV
CAVRDAGGSYIPTF,NLVPMVATV
CAVRDANSGNTPLVF,NLVPMVATV
CAVRDARTGYSTLTF,NLVPMVATV
CAVRDDKIIF,NLVPMVATV
CAVRDERNRLAF,NLVPMVATV
CAVRDETSGSRLTF,NLVPMVATV
CAVRDFTGGGNKLTF,NLVPMVATV
CAVRDGDSNYQLIW,NLVPMVATV
CAVRDGDYKLSF,NLVPMVATV
CAVRDGNNRLAF,NLVPMVATV
CAVRDGSTGGFKTIF,NLVPMVATV
CAVRDIEGSYIPTF,NLVPMVATV
CAVRDIIARLMF,NLVPMVATV
CAVRDIQGGKLIF,NLVPMVATV
CAVRDISARLMF,NLVPMVATV
CAVRDISGTGGFKTIF,NLVPMVATV
CAVRDISTRLMF,NLVPMVATV
CAVRDITGRRALTF,NLVPMVATV
CAVRDKGGSYIPTF,NLVPMVATV
CAVRDLDDYKLSF,NLVPMVATV
CAVRDLGAPRDDKIIF,NLVPMVATV
CAVRDLNQAGTALIF,NLVPMVATV
CAVRDLSNDYKLSF,NLVPMVATV
CAVRDMGYNNNDMRF,NLVPMVATV
CAVRDMMAAGNKLTF,NLVPMVATV
CAVRDNEYGQNFVF,NLVPMVATV
CAVRDNNARLMF,NLVPMVATV
CAVRDNTDKLIF,NLVPMVATV
CAVRDNYGQNFVF,NLVPMVATV
CAVRDPKGNNRLAF,NLVPMVATV
CAVRDPNNAGNMLTF,NLVPMVATV
CAVRDPSGTYKYIF,NLVPMVATV
CAVRDQDDKIIF,NLVPMVATV
CAVRDQDYQLIW,NLVPMVATV
CAVRDRDFNKFYF,NLVPMVATV
CAVRDRDSNYQLIW,NLVPMVATV
CAVRDRDYKLSF,NLVPMVATV
CAVRDRGSTLGRLYF,NLVPMVATV
CAVRDRNNAGNMLTF,NLVPMVATV
CAVRDRQNSGYALNF,NLVPMVATV
CAVRDSAGSNYQLIW,NLVPMVATV
CAVRDSNYQLIW,NLVPMVATV
CAVRDSRDNYGQNFVF,NLVPMVATV
CAVRDTDYKLSF,NLVPMVATV
CAVRDTNARLMF,NLVPMVATV
CAVRDTSASGTYKYIF,NLVPMVATV
CAVRDVGDSNYQLIW,NLVPMVATV
CAVRDWAMFSGGYNKLIF,NLVPMVATV
CAVRDWHSNYQLIW,NLVPMVATV
CAVRDYGGSQGNLIF,NLVPMVATV
CAVRDYGGSQGNLIF,NLVPMVATV
CAVRDYKLSF,NLVPMVATV
CAVRDYNNNDMRF,NLVPMVATV
CAVREAGGGNKLTF,NLVPMVATV
CAVREALDSNYQLIW,NLVPMVATV
CAVREGFKTIF,NLVPMVATV
CAVREGRRGSYIPTF,NLVPMVATV
CAVRELNTGFQKLVF,NLVPMVATV
CAVRENDYKLSF,NLVPMVATV
CAVRERGDGANNLFF,NLVPMVATV
CAVRESYQLIW,NLVPMVATV
CAVRFGNEKLTF,NLVPMVATV
CAVRFRSNDYKLSF,NLVPMVATV
CAVRFYGGATNKLIF,NLVPMVATV
CAVRGAGNNRKLIW,NLVPMVATV
CAVRGDGGATNKLIF,NLVPMVATV
CAVRGFQKLVF,NLVPMVATV
CAVRGGATNKLIF,NLVPMVATV
CAVRGGGTSYGKLTF,NLVPMVATV
CAVRGHNQGGKLIF,NLVPMVATV
CAVRGMDSSYKLIF,NLVPMVATV
CAVRGNNNAGNMLTF,NLVPMVATV
CAVRGSGGGADGLTF,NLVPMVATV
CAVRGSGGSYIPTF,NLVPMVATV
CAVRGSRDDKIIF,NLVPMVATV
CAVRGSYIPTF,NLVPMVATV
CAVRGTGGFKTIF,NLVPMVATV
CAVRGVSNSGYALNF,NLVPMVATV
CAVRGYNFNKFYF,NLVPMVATV
CAVRGYNNDMRF,NLVPMVATV
CAVRHPGNNRKLIW,NLVPMVATV
CAVRHRSLGETSGSRLTF,NLVPMVATV
CAVRISGGYQKVTF,NLVPMVATV
CAVRLDDRGSTLGRLYF,NLVPMVATV
CAVRLEGGGADGLTF,NLVPMVATV
CAVRLENARLMF,NLVPMVATV
CAVRLLSSGGSYIPTF,NLVPMVATV
CAVRLNNAGNMLTF,NLVPMVATV
CAVRMIKAAGNKLTF,NLVPMVATV
CAVRNISARLMF,NLVPMVATV
CAVRNNAGNNRKLIW,NLVPMVATV
CAVRNPLRQAGTALIF,NLVPMVATV
CAVRNWENAGNMLTF,NLVPMVATV
CAVRPAGDSSYKLIF,NLVPMVATV
CAVRPANAGNMLTF,NLVPMVATV
CAVRPDAGGTSYGKLTF,NLVPMVATV
CAVRPGNAGNMLTF,NLVPMVATV
CAVRPGNTGKLIF,NLVPMVATV
CAVRPILTGGGNKLTF,NLVPMVATV
CAVRPILTGGGNKLTF,NLVPMVATV
CAVRPIYSNSGYALNF,NLVPMVATV
CAVRPLADRGSYIPTF,NLVPMVATV
CAVRPLSGGYNKLIF,NLVPMVATV
CAVRPLSNNNDMRF,NLVPMVATV
CAVRPNNAGNMLTF,NLVPMVATV
CAVRPPYMDSNYQLIW,NLVPMVATV
CAVRPRRDAGNMLTF,NLVPMVATV
CAVRPSGAGSYQLTF,NLVPMVATV
CAVRPSNAGKSTF,NLVPMVATV
CAVRPSQGTNAGKSTF,NLVPMVATV
CAVRPWDDKIIF,NLVPMVATV
CAVRPYNAGGTSYGKLTF,NLVPMVATV
CAVRQGLDFGNEKLTF,NLVPMVATV
CAVRQYSSASKIIF,NLVPMVATV
CAVRRDQTGANNLFF,NLVPMVATV
CAVRRGGFQKLVF,NLVPMVATV
CAVRRYDDKIIF,NLVPMVATV
CAVRSGKGGTASKLTF,NLVPMVATV
CAVRSHNAGNMLTF,NLVPMVATV
CAVRSNAGGTSYGKLTF,NLVPMVATV
CAVRSNDYKLSF,NLVPMVATV
CAVRSNDYKLSF,NLVPMVATV
CAVRSSASKIIF,NLVPMVATV
CAVRSSNDYKLSF,NLVPMVATV
CAVRSYGNNRLAF,NLVPMVATV
CAVRTFSGGYNKLIF,NLVPMVATV
CAVRTGGGNKLTF,NLVPMVATV
CAVRTISGGSYIPTF,NLVPMVATV
CAVRTNQAGTALIF,NLVPMVATV
CAVRTSGTYKYIF,NLVPMVATV
CAVRTSGYSTLTF,NLVPMVATV
CAVRVDAGKSTF,NLVPMVATV
CAVRVLYSGAGSYQLTF,NLVPMVATV
CAVRVMYSGGGADGLTF,NLVPMVATV
CAVRVNDYKLSF,NLVPMVATV
CAVRVNRDSNYQLIW,NLVPMVATV
CAVRVRAGNNRKLIW,NLVPMVATV
CAVRVRDSNYQLIW,NLVPMVATV
CAVRVSGGYNKLIF,NLVPMVATV
CAVRVVPLSGGYNKLIF,NLVPMVATV
CAVRVVSNDYKLSF,NLVPMVATV
CAVRVYSSASKIIF,NLVPMVATV
CAVRWETSGSRLTF,NLVPMVATV
CAVRWNFGNEKLTF,NLVPMVATV
CAVRYNSNYQLIW,NLVPMVATV
CAVSADSSYKLIF,NLVPMVATV
CAVSAGGGNKLTF,NLVPMVATV
CAVSALISSGSARQLTF,NLVPMVATV
CAVSAQGGSEKLVF,NLVPMVATV
CAVSARQLTF,NLVPMVATV
CAVSDLDTGNQFYF,NLVPMVATV
CAVSDPGAGSYQLTF,NLVPMVATV
CAVSDPIKAAGNKLTF,NLVPMVATV
CAVSDPYNQGGKLIF,NLVPMVATV
CAVSDPYYGGSQGNLIF,NLVPMVATV
CAVSDRDSSYKLIF,NLVPMVATV
CAVSDRGSGGSNYKLTF,NLVPMVATV
CAVSDSGGYQKVTF,NLVPMVATV
CAVSDSSYKLIF,NLVPMVATV
CAVSDYSGGGSQGNLIF,NLVPMVATV
CAVSEAGSEKLVF,NLVPMVATV
CAVSEDARLMF,NLVPMVATV
CAVSEHSSASKIIF,NLVPMVATV
CAVSEIWAAGNKLTF,NLVPMVATV
CAVSENTDKLIF,NLVPMVATV
CAVSFGNEKLTF,NLVPMVATV
CAVSGAGSYQLTF,NLVPMVATV
CAVSGGGADGLTF,NLVPMVATV
CAVSGGNYGQNFVF,NLVPMVATV
CAVSGGSYIPTF,NLVPMVATV
CAVSGINTGNQFYF,NLVPMVATV
CAVSLGGYNKLIF,NLVPMVATV
CAVSLGTPLVF,NLVPMVATV
CAVSLRSNDYKLSF,NLVPMVATV
CAVSNAGGTSYGKLTF,NLVPMVATV
CAVSNSGSARQLTF,NLVPMVATV
CAVSPFDSNYQLIW,NLVPMVATV
CAVSPFSGGYNKLIF,NLVPMVATV
CAVSPLYSSASKIIF,NLVPMVATV
CAVSPMDSSYKLIF,NLVPMVATV
CAVSPPLHSGGGADGLTF,NLVPMVATV
CAVSPSNTGKLIF,NLVPMVATV
CAVSPYNQGGKLIF,NLVPMVATV
CAVSQAGTALIF,NLVPMVATV
CAVSREETSGSRLTF,NLVPMVATV
CAVSRFSGGYNKLIF,NLVPMVATV
CAVSRNNAGNMLTF,NLVPMVATV
CAVSSDYKLSF,NLVPMVATV
CAVSSGGYQKVTF,NLVPMVATV
CAVSSPSGGSYIPTF,NLVPMVATV
CAVSTNAGKSTF,NLVPMVATV
CAVSWEKLTF,NLVPMVATV
CAVTDTGGFKTIF,NLVPMVATV
CAVTFDRGSTLGRLYF,NLVPMVATV
CAVTGKLIF,NLVPMVATV
CAVTGYGQNFVF,NLVPMVATV
CAVTILSNNAGNMLTF,NLVPMVATV
CAVTLQSGGSYIPTF,NLVPMVATV
CAVTMDSSYKLIF,NLVPMVATV
CAVTNQAGTALIF,NLVPMVATV
CAVTPPGFQKLVF,NLVPMVATV
CAVTQNYGAGSYQLTF,NLVPMVATV
CAVTRGGGSNYKLTF,NLVPMVATV
CAVTRNNARLMF,NLVPMVATV
CAVTRNYGQNFVF,NLVPMVATV
CAVTRSARQLTF,NLVPMVATV
CAVTSDYKLSF,NLVPMVATV
CAVTSPPAYDKVIF,NLVPMVATV
CAVTSTGTASKLTF,NLVPMVATV
CAVTVSQAGTALIF,NLVPMVATV
CAVVASGGGADGLTF,NLVPMVATV
CAVVDAGGTSYGKLTF,NLVPMVATV
CAVVFTGGGNKLTF,NLVPMVATV
CAVVLRQAGTALIF,NLVPMVATV
CAVVMDSNYQLIW,NLVPMVATV
CAVVRRETSGSRLTF,NLVPMVATV
CAVVRWEISGSRLTF,NLVPMVATV
CAVVRWETSGSRLTF,NLVPMVATV
CAVVRWETSGSRLTF,NLVPMVATV
CAVVRWETSGSRLTF,NLVPMVATV
CAVVRWETSGSRLTF,NLVPMVATV
CAVVSSGGSYIPTF,NLVPMVATV
CAVVTQTGANNLFF,NLVPMVATV
CAVVVAYGQNFVF,NLVPMVATV
CAVVWDPSQFYF,NLVPMVATV
CAVVYNTDKLIF,NLVPMVATV
CAVVYTGTASKLTF,NLVPMVATV
CAVWDSNYQLIW,NLVPMVATV
CAVWVNAGNMLTF,NLVPMVATV
CAVWYSGGGADGLTF,NLVPMVATV
CAVYESVGFQKLVF,NLVPMVATV
CAVYGGSYIPTF,NLVPMVATV
CAVYHNYGQNFVF,NLVPMVATV
CAVYLFQTGANNLFF,NLVPMVATV
CAVYPGNSGYSTLTF,NLVPMVATV
CAVYTTNAGKSTF,NLVPMVATV
CAVYVSGTYKYIF,NLVPMVATV
CAVYYGQNFVF,NLVPMVATV
CAWDSGGSGNTGKLIF,NLVPMVATV
CAYAPSGTYKYIF,NLVPMVATV
CAYAVPFNRDDKIIF,NLVPMVATV
CAYAYRNNRLAF,NLVPMVATV
CAYDTGANSKLTF,NLVPMVATV
CAYGDSNYQLIW,NLVPMVATV
CAYGDTGNQFYF,NLVPMVATV
CAYGRGKLIF,NLVPMVATV
CAYGSNDMRF,NLVPMVATV
CAYHNTDKLIF,NLVPMVATV
CAYHSQAGTALIF,NLVPMVATV
CAYIGRDDKIIF,NLVPMVATV
CAYKAGNTGKLIF,NLVPMVATV
CAYKDGNQFYF,NLVPMVATV
CAYNAGNMLTF,NLVPMVATV
CAYNTGTASKLTF,NLVPMVATV
CAYPDPGAQKLVF,NLVPMVATV
CAYPKAAGNKLTF,NLVPMVATV
CAYPNQAGTALIF,NLVPMVATV
CAYPNSGNTPLVF,NLVPMVATV
CAYPSNTGKLIF,NLVPMVATV
CAYRANTGTASKLTF,NLVPMVATV
CAYREPNFGNEKLTF,NLVPMVATV
CAYRNLLGANSKLTF,NLVPMVATV
CAYRPLNSNYQLIW,NLVPMVATV
CAYRRAYGQNFVF,NLVPMVATV
CAYRRDDKIIF,NLVPMVATV
CAYRRDTGNQFYF,NLVPMVATV
CAYRRGGATNKLIF,NLVPMVATV
CAYRRGGNQFYF,NLVPMVATV
CAYRRGNNNDMRF,NLVPMVATV
CAYRRPLLFSSGSARQLTF,NLVPMVATV
CAYRRRDRGSTLGRLYF,NLVPMVATV
CAYRRSNNNAGNMLTF,NLVPMVATV
CAYRRTVDSNYQLIW,NLVPMVATV
CAYRSAAGANSKLTF,NLVPMVATV
CAYRSAMIIF,NLVPMVATV
CAYRSANYGQNFVF,NLVPMVATV
CAYRSASGGWGGFKTIF,NLVPMVATV
CAYRSASKLIF,NLVPMVATV
CAYRSASYGQNFVF,NLVPMVATV
CAYRSFYTGTASKLTF,NLVPMVATV
CAYRSGGANSKLTF,NLVPMVATV
CAYRSGGSEKLVF,NLVPMVATV
CAYRSGGSGNTPLVF,NLVPMVATV
CAYRSGNSGYALNF,NLVPMVATV
CAYRSLYGQNFVF,NLVPMVATV
CAYRSPAGKLTF,NLVPMVATV
CAYRSPNYGGATNKLIF,NLVPMVATV
CAYRSPTLYNFNKFYF,NLVPMVATV
CAYRSPVTGANSKLTF,NLVPMVATV
CAYRSRNTGNQFYF,NLVPMVATV
CAYRSSNNDMRF,NLVPMVATV
CAYRSTPQGGSEKLVF,NLVPMVATV
CAYRSVNYGQNFVF,NLVPMVATV
CAYRTLAQGGSEKLVF,NLVPMVATV
CAYRTPRGDDKIIF,NLVPMVATV
CAYRTRLSGSARQLTF,NLVPMVATV
CAYRTSSGGGADGLTF,NLVPMVATV
CAYSLPGRGNEKLTF,NLVPMVATV
CAYSRGGADGLTF,NLVPMVATV
CAYSTGTASKLTF,NLVPMVATV
CAYTGDMRF,NLVPMVATV
CAYTGGGNKLTF,NLVPMVATV
CAYTRGGADGLTF,NLVPMVATV
CAYYGNEKLTF,NLVPMVATV
CAYYSNYQLIW,NLVPMVATV
CGAASQGGSEKLVF,NLVPMVATV
CGADAFTNTGNQFYF,NLVPMVATV
CGADIIGNTGKLIF,NLVPMVATV
CGADKSNDYKLSF,NLVPMVATV
CGFNTGNQFYF,NLVPMVATV
CGGTPLVF,NLVPMVATV
CGMLGNTGKLIF,NLVPMVATV
CGSMDSSYKLIF,NLVPMVATV
CGTADTDKLIF,NLVPMVATV
CGTENPPGSSNTGKLIF,NLVPMVATV
CGTESLNSGYALNF,NLVPMVATV
CGTESPSGAGSYQLTF,NLVPMVATV
CGTEVGTDKLIF,NLVPMVATV
CGTEVYNQGGKLIF,NLVPMVATV
CGTGGSGDSNYQLIW,NLVPMVATV
CGTPDQGSSNTGKLIF,NLVPMVATV
CGTPGNAGGTSYGKLTF,NLVPMVATV
CGTVINYGGSQGNLIF,NLVPMVATV
CGTVMNYGESQGNLIF,NLVPMVATV
CGTVMNYGGSQGNLIF,NLVPMVATV
CGTYNTDKLIF,NLVPMVATV
CIALLSQGGSEKLVF,NLVPMVATV
CIARATGNKLVF,NLVPMVATV
CIAYQGAGNMLTF,NLVPMVATV
CICRSGTYKYIF,NLVPMVATV
CIGEGGGADGLTF,NLVPMVATV
CIGFSGGYNKLIF,NLVPMVATV
CILDDNNDMRF,NLVPMVATV
CILDNNNDMRFGAGTRLTVKPKTHNTVTTSGTYKYIF,NLVPMVATV
CILDNNNDMRF,NLVPMVATV
CILDNNNGMRF,NLVPMVATV
CILDNNNNMRF,NLVPMVATV
CILDQTGANNLFF,NLVPMVATV
CILGLSGNMLTF,NLVPMVATV
CILGNNNDMRF,NLVPMVATV
CILGYNTDKLIF,NLVPMVATV
CILIRSYNTDKLIF,NLVPMVATV
CILKESSNTGKLIF,NLVPMVATV
CILLDMRF,NLVPMVATV
CILLRDTGFQKLVF,NLVPMVATV
CILMNSGGSNYKLTF,NLVPMVATV
CILNNNNDMRF,NLVPMVATV
CILNQGAQKLVF,NLVPMVATV
CILPNAGNNRKLIW,NLVPMVATV
CILPRSQGGSEKLVF,NLVPMVATV
CILRDAGGTSYGKLTF,NLVPMVATV
CILRDDNAGGTSYGKLTF,NLVPMVATV
CILRDLIQGGSEKLVF,NLVPMVATV
CILRDLNSNSGYALNF,NLVPMVATV
CILRDRGNNARLMF,NLVPMVATV
CILRDRNAGNMLTF,NLVPMVATV
CILRDSFNNNDMRF,NLVPMVATV
CILRDSPTSGTYKYIF,NLVPMVATV
CILRDSYTDRLIF,NLVPMVATV
CILRDVDNNDMRF,NLVPMVATV
CILRDVGEYGNKLVF,NLVPMVATV
CILRDVLRKLIF,NLVPMVATV
CILREAPTSGTYKYIF,NLVPMVATV
CILRFPPPGYGNKLVF,NLVPMVATV
CILRGDDKIIF,NLVPMVATV
CILRGGADGLTF,NLVPMVATV
CILRGGAYKYIF,NLVPMVATV
CILRLGGSQGNLIF,NLVPMVATV
CILRQAGTALIF,NLVPMVATV
CILRRETSGSRLTF,NLVPMVATV
CILRRNAGNMLTF,NLVPMVATV
CILRRYTSGTYKYIF,NLVPMVATV
CILRVGGQNFVF,NLVPMVATV
CILRVPSGAGSYQLTF,NLVPMVATV
CILSDDYKLSF,NLVPMVATV
CILSDNYGQNFVF,NLVPMVATV
CILSETQKLVF,NLVPMVATV
CILSNNNDMRF,NLVPMVATV
CILSNNNGMRF,NLVPMVATV
CILSPGPFYNQGGKLIF,NLVPMVATV
CILSRGDNARLMF,NLVPMVATV
CILTGANNLFF,NLVPMVATV
CILTLSGTASKLTF,NLVPMVATV
CILTRDDKIIF,NLVPMVATV
CILYNNNDMRF,NLVPMVATV
CILYNTNAGKSTF,NLVPMVATV
CISDQTGANNLFF,NLVPMVATV
CIVETSGTYKYIF,NLVPMVATV
CIVFAGNQFYF,NLVPMVATV
CIVLSSQTSGSRLTF,NLVPMVATV
CIVPKAAGNKLTF,NLVPMVATV
CIVRADTGTASKLTF,NLVPMVATV
CIVRAGSYQLTF,NLVPMVATV
CIVRAYGALTNFGNEKLTF,NLVPMVATV
CIVRDDKIIF,NLVPMVATV
CIVRFGGNFNKFYF,NLVPMVATV
CIVRFLSGANNLFF,NLVPMVATV
CIVRFYDARLMF,NLVPMVATV
CIVRGHSGAGSYQLTF,NLVPMVATV
CIVRVAENSGYALNF,NLVPMVATV
CIVRVAGYSTLTF,NLVPMVATV
CIVRVALTGFQKLVF,NLVPMVATV
CIVRVAPGGGADGLTF,NLVPMVATV
CIVRVDPGNTGKLIF,NLVPMVATV
CIVRVEAGANNLFF,NLVPMVATV
CIVRVLAGNTGKLIF,NLVPMVATV
CIVRVPSLNDYKLSF,NLVPMVATV
CIVRVSLYGQNFVF,NLVPMVATV
CIVRVVGNRDDKIIF,NLVPMVATV
CIVRVVWNDMRF,NLVPMVATV
CIVRVVWSGATNKLIF,NLVPMVATV
CIVSDTNAGKSTF,NLVPMVATV
CLAILNTDKLIF,NLVPMVATV
CLGGYYCDNNNDMRF,NLVPMVATV
CLLGCLTGANSKLTF,NLVPMVATV
CLLGDYCDNNNDMRF,NLVPMVATV
CLLKSWGGTASKLTF,NLVPMVATV
CLLQGGSEKLVF,NLVPMVATV
CLLTQGGSEKLVF,NLVPMVATV
CLMNRDDKIIF,NLVPMVATV
CLQTGANNLFF,NLVPMVATV
CLVAFTGTASKLTF,NLVPMVATV
CLVAYISGGYNKLIF,NLVPMVATV
CLVEEFSGGYNKLIF,NLVPMVATV
CLVFPGGAGSYQLTF,NLVPMVATV
CLVGAAGNKLTF,NLVPMVATV
CLVGAKYSSASKIIF,NLVPMVATV
CLVGALSNAGNMLTF,NLVPMVATV
CLVGAQPLNTGFQKLVF,NLVPMVATV
CLVGARAYSSASKIIF,NLVPMVATV
CLVGARNKLVF,NLVPMVATV
CLVGDERGANAGKSTF,NLVPMVATV
CLVGDESGGYQKVTF,NLVPMVATV
CLVGDGARLMF,NLVPMVATV
CLVGDINSNYQLIW,NLVPMVATV
CLVGDKGAGNMLTF,NLVPMVATV
CLVGDKGGGFKTIF,NLVPMVATV
CLVGDMGGGFKTIF,NLVPMVATV
CLVGDPTGGSYIPTF,NLVPMVATV
CLVGDRGAGNMLTF,NLVPMVATV
CLVGDSGGYQKVTF,NLVPMVATV
CLVGDSTGKLIF,NLVPMVATV
CLVGDTGTASKLTF,NLVPMVATV
CLVGDTNAGKSTF,NLVPMVATV
CLVGDVGDMRF,NLVPMVATV
CLVGEEKLVF,NLVPMVATV
CLVGIFSGGYNKLIF,NLVPMVATV
CLVGPWESSASKIIF,NLVPMVATV
CLVGRGSYKLIF,NLVPMVATV
CLVGWLSDKIIF,NLVPMVATV
CLVVGYGQNFVF,NLVPMVATV
CLVVSGSARQLTF,NLVPMVATV
CLVVSYSSASKIIF,NLVPMVATV
CLVVYTGGFKTIF,NLVPMVATV
CLVYTNAGKSTF,NLVPMVATV
CVADKIIF,NLVPMVATV
CVANNAGNMLTF,NLVPMVATV
CVATFSGGYNKLIF,NLVPMVATV
CVAVTGNQFYF,NLVPMVATV
CVAYNTDKLIF,NLVPMVATV
CVCHTGTASKLTF,NLVPMVATV
CVDPMFSGGYNKLIF,NLVPMVATV
CVGMNYGGSQGNLIF,NLVPMVATV
CVGRNTGFQKLVF,NLVPMVATV
CVLGGTGANNLFF,NLVPMVATV
CVLLMNSGYSTLTF,NLVPMVATV
CVLPNNAGNMLTF,NLVPMVATV
CVPMDSNYQLIW,NLVPMVATV
CVPRAGGSYIPTF,NLVPMVATV
CVPSSGYALNF,NLVPMVATV
CVRPKAAGNKLTF,NLVPMVATV
CVSESSASKIIF,NLVPMVATV
CVVAGNTGKLIF,NLVPMVATV
CVVAPSGGSYIPTF,NLVPMVATV
CVVDFTGTASKLTF,NLVPMVATV
CVVDPGGSYIPTF,NLVPMVATV
CVVEGGSYIPTF,NLVPMVATV
CVVFDSNYQLIW,NLVPMVATV
CVVFGGFKTIF,NLVPMVATV
CVVFPGAFNAGNNRKLIW,NLVPMVATV
CVVFSGGYNKLIF,NLVPMVATV
CVVFVGGSYIPTF,NLVPMVATV
CVVGDYNTDKLIF,NLVPMVATV
CVVGGLGSGNTGKLIF,NLVPMVATV
CVVGMDAGNMLTF,NLVPMVATV
CVVGNNNARLMF,NLVPMVATV
CVVHSGTALIF,NLVPMVATV
CVVIASNSGYALNF,NLVPMVATV
CVVIDRGSTLGRLYF,NLVPMVATV
CVVIILTGGGNKLTF,NLVPMVATV
CVVIPGGQAGTALIF,NLVPMVATV
CVVIRLNAGNMLTF,NLVPMVATV
CVVISLGGSYIPTF,NLVPMVATV
CVVITSGTYKYIF,NLVPMVATV
CVVKFNSGYSTLTF,NLVPMVATV
CVVKLGNTGKLIF,NLVPMVATV
CVVKRDDKIIF,NLVPMVATV
CVVKRSGGYQKVTF,NLVPMVATV
CVVLDPNAGGTSYGKLTF,NLVPMVATV
CVVLGNEKLTF,NLVPMVATV
CVVLRDSGAGSYQLTF,NLVPMVATV
CVVLRGGYGQNFVF,NLVPMVATV
CVVMKTSYDKVIF,NLVPMVATV
CVVMMTGNQFYF,NLVPMVATV
CVVNAFNKFYF,NLVPMVATV
CVVNAGNNRKLIW,NLVPMVATV
CVVNALGTMASNTGKLIF,NLVPMVATV
CVVNATGTYKYIF,NLVPMVATV
CVVNDDYKLSF,NLVPMVATV
CVVNDYKLSF,NLVPMVATV
CVVNFGLNDMRF,NLVPMVATV
CVVNFSGGSYIPTF,NLVPMVATV
CVVNGGAGANNLFF,NLVPMVATV
CVVNGGDSSYKLIF,NLVPMVATV
CVVNGGLFSGGYNKLIF,NLVPMVATV
CVVNGGSGGSNYKLTF,NLVPMVATV
CVVNGKDSSYKLIF,NLVPMVATV
CVVNIGNDYKLSF,NLVPMVATV
CVVNIGSTLTF,NLVPMVATV
CVVNIRGKLIF,NLVPMVATV
CVVNIVLTGGGNKLTF,NLVPMVATV
CVVNKAAGNKLTF,NLVPMVATV
CVVNKDRGSTLGRLYF,NLVPMVATV
CVVNKEGKLIF,NLVPMVATV
CVVNKIYNQGGKLIF,NLVPMVATV
CVVNKLEYGNKLVF,NLVPMVATV
CVVNKNNFNKFYF,NLVPMVATV
CVVNLHGNKLVF,NLVPMVATV
CVVNMEAGGSYIPTF,NLVPMVATV
CVVNMGGYSTLTF,NLVPMVATV
CVVNMPPGTASKLTF,NLVPMVATV
CVVNNNNARLMF,NLVPMVATV
CVVNNNQGGKLIF,NLVPMVATV
CVVNPNFQKLVF,NLVPMVATV
CVVNPSGGYQKVTF,NLVPMVATV
CVVNREPGGYQKVTF,NLVPMVATV
CVVNRIRGSTLGRLYF,NLVPMVATV
CVVNRKYSSASKIIF,NLVPMVATV
CVVNRQPGGSYIPTF,NLVPMVATV
CVVNRSGGYNKLIF,NLVPMVATV
CVVNRTGGFKTIF,NLVPMVATV
CVVNSFSGGYNKLIF,NLVPMVATV
CVVNSGTYKYIF,NLVPMVATV
CVVNTGMDSNYQLIW,NLVPMVATV
CVVNWAPSGYALNF,NLVPMVATV
CVVNWYLERF,NLVPMVATV
CVVNYPGGGADGLTF,NLVPMVATV
CVVPHASGGSYIPTF,NLVPMVATV
CVVPLNSGYALNF,NLVPMVATV
CVVPRRGGSYIPTF,NLVPMVATV
CVVPWGGSQGNLIF,NLVPMVATV
CVVQPKPNQTGANNLFF,NLVPMVATV
CVVQVNRDDKIIF,NLVPMVATV
CVVRGIASGGYNKLIF,NLVPMVATV
CVVRGNTPLVF,NLVPMVATV
CVVRMNYGGSQGNLIF,NLVPMVATV
CVVRNQAGTALIF,NLVPMVATV
CVVSADDYKLSF,NLVPMVATV
CVVSAQAGTALIF,NLVPMVATV
CVVSARNSGGGADGLTF,NLVPMVATV
CVVSARSGGGADGLTF,NLVPMVATV
CVVSASAGGYNKLIF,NLVPMVATV
CVVSASGGSYIPTF,NLVPMVATV
CVVSAWRYNNNDMRF,NLVPMVATV
CVVSDIYSSASKIIF,NLVPMVATV
CVVSDLGSSASKIIF,NLVPMVATV
CVVSDLRDNAGNMLTF,NLVPMVATV
CVVSDNGGGSYIPTF,NLVPMVATV
CVVSDPPAGANNLFF,NLVPMVATV
CVVSDPTGANNLFF,NLVPMVATV
CVVSDRGSTLGRLYF,NLVPMVATV
CVVSDRTNAGKSTF,NLVPMVATV
CVVSDTGGFKTIF,NLVPMVATV
CVVSDVNGGSQGNLIF,NLVPMVATV
CVVSEWDSGYSTLTF,NLVPMVATV
CVVSGGGADGLTF,NLVPMVATV
CVVSGGGAGGTSYGKLTF,NLVPMVATV
CVVSGLTGGGNKLTF,NLVPMVATV
CVVSHSSGSARQLTF,NLVPMVATV
CVVSLSNFGNEKLTF,NLVPMVATV
CVVSPDDKIIF,NLVPMVATV
CVVSPDRGSTLGRLYF,NLVPMVATV
CVVSPGGGADGLTF,NLVPMVATV
CVVSREGYSTLTF,NLVPMVATV
CVVSRMDSSYKLIF,NLVPMVATV
CVVSRSNDYKLSF,NLVPMVATV
CVVSTNAGKSTF,NLVPMVATV
CVVSVFTGGFKTIF,NLVPMVATV
CVVSVGYSSASKIIF,NLVPMVATV
CVVSVYSGGGADGLTF,NLVPMVATV
CVVSWGANDYKLSF,NLVPMVATV
CVVTAASGNTPLVF,NLVPMVATV
CVVTCTGGGNKLTF,NLVPMVATV
CVVTDGRYGGATNKLIF,NLVPMVATV
CVVTFYGNNRLAF,NLVPMVATV
CVVTGGDYKLSF,NLVPMVATV
CVVTLMNRDDKIIF,NLVPMVATV
CVVTLPSGGSYIPTF,NLVPMVATV
CVVTNSGGGADGLTF,NLVPMVATV
CVVTRGAYNTDKLIF,NLVPMVATV
CVVTYNYGQNFVF,NLVPMVATV
CVVVITIQKLVF,NLVPMVATV
CVVVKTSYDKVIF,NLVPMVATV
CVVYTGRRALTF,NLVPMVATV
CVYSRRDTGRRALTF,NLVPMVATV
SSGNQFYF,NLVPMVATV
CAASIGDFGNEKLTF,RPHERNGFTVL
CATEGRMDSSYKLIF,TPRVTGGGAM
CATEIRMDSSYKLIF,TPRVTGGGAM
CATRPPGAGSYQLTF,TPRVTGGGAM
CATVSRMDSSYKLIF,TPRVTGGGAM
CVAWGGYSSASKIIF,YSEHPTFTSQY
CAAGGSQGNLIF,GLCTLVAML
CAASRKPDKIIF,GLCTLVAML
CAASTRLLGNTGKLIF,GLCTLVAML
CAATDNTDKLIF,GLCTLVAML
CADGSGTTDSWGKLQF,GLCTLVAML
CADPIEDAGNMLTF,GLCTLVAML
CAEALRRDTGRRALTF,GLCTLVAML
CAEDFNARLMF,GLCTLVAML
CAEDKDARLMF,GLCTLVAML
CAEDNNARLMF,GLCTLVAML
CAEDNNARLMF,GLCTLVAML
CAEDPLGSQGNLIF,GLCTLVAML
CAEDPLGSRGNLIF,GLCTLVAML
CAEDQNARLMF,GLCTLVAML
CAEDSNARLMF,GLCTLVAML
CAEDSNARLMF,GLCTLVAML
CAEDSNARLMF,GLCTLVAML
CAEGFASSDGQKLLF,GLCTLVAML
CAEGHDSTLTF,GLCTLVAML
CAEGQTDKLIF,GLCTLVAML
CAEHFWGYQKVTF,GLCTLVAML
CAEIHARLMF,GLCTLVAML
CAELGQKLLF,GLCTLVAML
CAEMAGANNLFF,GLCTLVAML
CAENPSSGNTPLVF,GLCTLVAML
CAENQINNDMRF,GLCTLVAML
CAESTGKLIF,GLCTLVAML
CAESTGKLIF,GLCTLVAML
CAEVSGTYKYIF,GLCTLVAML
CAEYSSASKIIF,GLCTLVAML
CAFVANAGGTSYGKLTF,GLCTLVAML
CAGNNARLMF,GLCTLVAML
CAGNNARLMF,GLCTLVAML
CAGNNARLVF,GLCTLVAML
CAGNNARPMF,GLCTLVAML
CALDILYNQGGKLIF,GLCTLVAML
CALDSTYSSASKIIF,GLCTLVAML
CALYSNSGYALNF,GLCTLVAML
CATDAGNDMRF,GLCTLVAML
CAVGASRDYKLSF,GLCTLVAML
CAVNPGANSKLTF,GLCTLVAML
CAVSARANDYKLSF,GLCTLVAML
CAYGGSQGNLIF,GLCTLVAML
CILGSNDYKLSF,GLCTLVAML
CVVGMDSSYKLIF,GLCTLVAML
CVVNDASGTYKYIF,GLCTLVAML
CVVNGASGTYKYIF,GLCTLVAML
CVVNGDRDRISRLVKF,GLCTLVAML
CVVNGKDSSYKLIF,GLCTLVAML
CVVNGKDSSYKLIF,GLCTLVAML
CVVNGMDSSHKLIF,GLCTLVAML
CVVNGMDSSYKLIF,GLCTLVAML
CVVNMPDDYKLSF,GLCTLVAML
CVVNRDSSYKLIF,GLCTLVAML
CVVNSINDYKLSF,GLCTLVAML
CVVNSPNDYKLSF,GLCTLVAML
CVVNSPNDYKLSF,GLCTLVAML
CALGNTGKLIF,YVLDHLIVV
CALKAAGNKLTF,YVLDHLIVV
CAMREGGNFNKFYF,YVLDHLIVV
CAVFEGTGGFKTIF,YVLDHLIVV
CAVKDTDKLIF,YVLDHLIVV
CAVKGGADGLTF,YVLDHLIVV
CAVNDGNNRLAF,YVLDHLIVV
CAVRDILASGTYKYIF,YVLDHLIVV
CAVSNQAGTALIF,YVLDHLIVV
CAAAASGGSYIPTF,EPLPQGQLTAY
CAAASSGGSYIPTF,EPLPQGQLTAY
CAMREGGGGSNYKLTF,EPLPQGQLTAY
CAVAASGGSYIPTF,EPLPQGQLTAY
CAVANQAGTALIF,EPLPQGQLTAY
CAVHASGGSYIPTF,EPLPQGQLTAY
CAVKSSGGSYIPTF,EPLPQGQLTAY
CAVQASGGSYIPTF,EPLPQGQLTAY
CAVQASGGSYIPTF,EPLPQGQLTAY
CAVQDSGGSYIPTF,EPLPQGQLTAY
CAVRASGGSYIPTF,EPLPQGQLTAY
CAVRATGGSYIPTF,EPLPQGQLTAY
CAVRDFLLSGGYNKLIF,EPLPQGQLTAY
CAVRDLLRSGGYNKLIF,EPLPQGQLTAY
CAVRDSGGSYIPTF,EPLPQGQLTAY
CAVRGRYTDKLIF,EPLPQGQLTAY
CAVRTSGGSYIPTF,EPLPQGQLTAY
CAVSESGGSYIPTF,EPLPQGQLTAY
CAVSSSGGSYIPTF,EPLPQGQLTAY
CAVTSSGGSYIPTF,EPLPQGQLTAY
CALSGFYNTDKLIF,GPEPLPQGQLTAY
CALSGFYNTDKLIF,LPEGLPQGQLTAY
CALSGFYNTDKLIF,LPEPLGQGQLTAY
CALSGFYNTDKLIF,LPEPLPQAQLTAY
CALSGFYNTDKLIF,LPEPLPQGGLTAY
CALSGFYNTDKLIF,LPEPLPQGQGTAY
CALSGFYNTDKLIF,LPEPLPQGQLGAY
CALRDPTGANSKLTF,LPEPLPQGQLTAY
CALSGFYNTDKLIF,LPEPLPQGQLTAY
CVVSCSGNTGKLIF,LPEPLPQGQLTAY
CALSGFYNTDKLIF,LPEPLPQGQLTGY
CAVQALADSSYKLIF,HPVGEADYFEY
CAVQALGAAGNKLTF,HPVGEADYFEY
CAVQALGNAGNMLTF,HPVGEADYFEY
CAVQALLNAGNMLTF,HPVGEADYFEY
CAVQALSNAGNMLTF,HPVGEADYFEY
CAVQALSNPGNMLTF,HPVGEADYFEY
CAVQALTDSSYKLIF,HPVGEADYFEY
CAVQDLGTSGSRLTF,HPVGEADYFEY
CAVQDLQTSGSRLTF,HPVGEADYFEY
CAVQELGTAGNKLTF,HPVGEADYFEY
CAVQSLETSGSRLTF,HPVGEADYFEY
CAVQTLGNAGNMLTF,HPVGEADYFEY
CAVQVLVSAGNKLTF,HPVGEADYFEY
CAAHPTGANSKLTF,HPVGEADYFEY
CAARGIGSGTYKYIF,HPVGEADYFEY
CAARGIGSGTYKYIF,HPVGEADYFEY
CAARGIPSGTYKYIF,HPVGEADYFEY
CAASEIFGSARQLTF,HPVGEADYFEY
CAASGASTGANNLFF,HPVGEADYFEY
CAVRDGGTGFQKLVF,HPVGEADYFEY
CAVLFGNEKLTF,FLRGRAYGL
CILPLAGGTSYGKLTFIF,FLRGRAYGL
CILRDVFPSGSARQLTFIF,FLRGRAYGL
CIVWGGYQKVTF,EENLLDFVRF
CILPLAGGTSYGKLTF,FLRGRAYGL
CAVGDNFNKFYF,AVFDRKSDAK
CAVSDITYKYIF,AVFDRKSDAK
CAASTNAGNNRKLIW,IVTDFSVIK
CAGHAGNQFYF,IVTDFSVIK
CAGQLRNNLFF,IVTDFSVIK
CALIQGAQKLVF,IVTDFSVIK
CALMVYGGSQGNLIF,IVTDFSVIK
CAVFYSGGSNYKLTF,IVTDFSVIK
CAVNFAGGGADGLTF,IVTDFSVIK
CAVSGYNAGNMLTF,IVTDFSVIK
CAGSGGYQKVTF,NFIRMVISNPAAT
CAHGGGYNKLIF,NFIRMVISNPAAT
CALQTGANNLFF,NFIRMVISNPAAT
CALTQGGSEKLVF,NFIRMVISNPAAT
CAALNTDKLIF,NFIRMVISNPAAT
CAGSGGYQKVTF,NFIRMVISNPAAT
CAGSGGYQKVTF,NFIRMVISNPAAT
CAGSGGYQKVTF,NFIRMVISNPAAT
CAGSGGYQKVTF,NFIRMVISNPAAT
CAGSGGYQKVTF,NFIRMVISNPAAT
CAGSGGYQKVTF,NFIRMVISNPAAT
CALQTGANNLFF,NFIRMVISNPAAT
CAVNTGNQFYF,NFIRMVISNPAAT
CAVNTGNQFYF,NFIRMVISNPAAT
CILRDVWSNFGNEKLTF,NFIRMVISNPAAT
CILRDVWSNFGNEKLTF,NFIRMVISNPAAT
CVANKILQASKLF,NFIRMVISNPAAT
CAVGALAGTASKLTF,KRGIVEQCCTSISSL
CADAGGTSYKLF,KRGIVEQSSTSISSL
CAVVNMDSNYQLIW,KRGIVEQSSTSISSL
CIPGSEEYGNKLVF,KRGIVEQSSTSISSL
CAAENNNDMRF,GILGFVFTL
CAAETTSGTYKYIF,GILGFVFTL
CAAGGSQGNLIF,GILGFVFTL
CAAGGSQGNLIF,GILGFVFTL
CAAGGSQGNLIF,GILGFVFTL
CAAISDYKLSF,GILGFVFTL
CAANYGGSQGNLIF,GILGFVFTL
CAAPYSGGGADGLTF,GILGFVFTL
CAASAFLGGSEKLVF,GILGFVFTL
CAASAGGGSQGNLIF,GILGFVFTL
CAASEGGGSQGNLIF,GILGFVFTL
CAASGGTGNQFYF,GILGFVFTL
CAASGSS-GNMLTF,GILGFVFTL
CAASSNTGKLIF,GILGFVFTL
CACNYGGSQGNLIF,GILGFVFTL
CAEEHDRMYSGGGADGLTF,GILGFVFTL
CAEGGSGGSQGNLIF,GILGFVFTL
CAEISSGGSYIPTF,GILGFVFTL
CAEIWDYGQNFVF,GILGFVFTL
CAENEGGGSQGNLIF,GILGFVFTL
CAENGGGSTLGRLYF,GILGFVFTL
CAENIGGGSQGNLIF,GILGFVFTL
CAENMGGGSQGNLIF,GILGFVFTL
CAENMGGGSQGNLIF,GILGFVFTL
CAENNGGGSQGNLIF,GILGFVFTL
CAENYGGSQGNLIF,GILGFVFTL
CAESIGRGSQGNLIF,GILGFVFTL
CAFL-GKSTF,GILGFVFTL
CAFMIGAGGTSYGKLTF,GILGFVFTL
CAFMIGAGGTSYGKLTF,GILGFVFTL
CAFMLGAGGTSYGKLTF,GILGFVFTL
CAFMS-GGTSYGKLTF,GILGFVFTL
CAFMSSPGGTSYGKLTF,GILGFVFTL
CAFSMEYGNKLVF,GILGFVFTL
CAFSSNYQLIW,GILGFVFTL
CAFSSNYQLIW,GILGFVFTL
CAGAAGSSNTGKLIF,GILGFVFTL
CAGADGGSQGNLIF,GILGFVFTL
CAGADGGSQGNLIF,GILGFVFTL
CAGADGGSQGNLIF,GILGFVFTL
CAGADGGSQGNLIF,GILGFVFTL
CAGADGGSQGNLIF,GILGFVFTL
CAGAFGSSNTGKLIF,GILGFVFTL
CAGAFGSSNTGKLIF,GILGFVFTL
CAGAFGSSNTGKLIF,GILGFVFTL
CAGAGDGGSQGNLIF,GILGFVFTL
CAGAGDNTGKLIF,GILGFVFTL
CAGAGGGSQGNLIF,GILGFVFTL
CAGAGGGSQGNLIF,GILGFVFTL
CAGAGGGSQGNLIF,GILGFVFTL
CAGAGGGSQGNLIF,GILGFVFTL
CAGAGGGSQGNLIF,GILGFVFTL
CAGAGGGSQGNLIF,GILGFVFTL
CAGAGGGSQGNLIF,GILGFVFTL
CAGAGGGSQGNLIF,GILGFVFTL
CAGAGGGSQGNLIF,GILGFVFTL
CAGAGGGSQGNLIF,GILGFVFTL
CAGAGQGGSQGNLIF,GILGFVFTL
CAGAGSQGNLIF,GILGFVFTL
CAGAGSQGNLIF,GILGFVFTL
CAGAGSQGNLIF,GILGFVFTL
CAGAGSQGNLIF,GILGFVFTL
CAGAHGSSNTGKLIF,GILGFVFTL
CAGAHGSSNTGKLIF,GILGFVFTL
CAGAIGSSNTGKLIF,GILGFVFTL
CAGALGGSQGNLIF,GILGFVFTL
CAGALGSSNTGKLIF,GILGFVFTL
CAGALT-GKSTF,GILGFVFTL
CAGALTGYGGSQGNLIF,GILGFVFTL
CAGAMGGGSQGNLIF,GILGFVFTL
CAGAMGSSNTGKLIF,GILGFVFTL
CAGAPGSSNTGKLIF,GILGFVFTL
CAGAPRTSGTYKYIF,GILGFVFTL
CAGAPSSSNTGKLIF,GILGFVFTL
CAGARAGGTSYGKLTF,GILGFVFTL
CAGASGGGSQGNLIF,GILGFVFTL
CAGASGNTGKLIF,GILGFVFTL
CAGASGSSNTGKLIF,GILGFVFTL
CAGASGSSNTGKLIF,GILGFVFTL
CAGASGSSNTGKLIF,GILGFVFTL
CAGATGGSQGNLIF,GILGFVFTL
CAGATGNTGKLIF,GILGFVFTL
CAGAVGSSNTGKLIF,GILGFVFTL
CAGAVGSSNTGKLIF,GILGFVFTL
CAGAVGSSNTGKLIF,GILGFVFTL
CAGAVGSSNTGKLIF,GILGFVFTL
CAGAYGGSQGNLIF,GILGFVFTL
CAGDLVIYGGSQGNLIF,GILGFVFTL
CAGEGGGSQGNLIF,GILGFVFTL
CAGEGGGSQGNLIF,GILGFVFTL
CAGGDGGSQGNLIF,GILGFVFTL
CAGGGNGGSQGNLIF,GILGFVFTL
CAGGGSQGNLIF,GILGFVFTL
CAGGGSQGNLIF,GILGFVFTL
CAGGGSQGNLIF,GILGFVFTL
CAGGGSQGNLIF,GILGFVFTL
CAGGGSQGNLIF,GILGFVFTL
CAGGGSQGNLIF,GILGFVFTL
CAGGGSQGNLIF,GILGFVFTL
CAGGGSSNTGKLIF,GILGFVFTL
CAGGGSSNTGKLIF,GILGFVFTL
CAGGRQTGANNLFF,GILGFVFTL
CAGGTGGSQGNLIF,GILGFVFTL
CAGIDNYGQNFVF,GILGFVFTL
CAGLSGGSYIPTF,GILGFVFTL
CAGNYGGSQGNLIF,GILGFVFTL
CAGNYGGSQGNLIF,GILGFVFTL
CAGNYGGSQGNLIF,GILGFVFTL
CAGPDGSSNTGKLIF,GILGFVFTL
CAGPDTYRDGGSQGNLIF,GILGFVFTL
CAGPEDGGSQGNLIF,GILGFVFTL
CAGPEGGYSGAGSYQLTF,GILGFVFTL
CAGPFGRLMF,GILGFVFTL
CAGPMKTSYDKVIF,GILGFVFTL
CAGQLGGGSQGNLIF,GILGFVFTL
CAGRDGGSQGNLIF,GILGFVFTL
CAGSDGGSQGNLIF,GILGFVFTL
CAGSQNYGGSQGNLIF,GILGFVFTL
CAGSSGGSQGNLIF,GILGFVFTL
CAGTGFQKLVF,GILGFVFTL
CAGVDGGSQGNLIF,GILGFVFTL
CAGVEYGGSQGNLIF,GILGFVFTL
CAGVGGGSQGNLIF,GILGFVFTL
CAGVGGGSQGNLIF,GILGFVFTL
CAGVTYGGSQGNLIF,GILGFVFTL
CAGVYGGSQGNLIF,GILGFVFTL
CAHGGSQGNLIF,GILGFVFTL
CALAGSQGNLIF,GILGFVFTL
CALDMGGGSQGNLIF,GILGFVFTL
CALDMGGGSQGNLIF,GILGFVFTL
CALDMGGGSQGNLIF,GILGFVFTL
CALHSGGYQKVTF,GILGFVFTL
CALIAGANSKLTF,GILGFVFTL
CALLYARLMF,GILGFVFTL
CALNDYKLSF,GILGFVFTL
CALRVMNRDDKIIF,GILGFVFTL
CALRVMNRDDKIIF,GILGFVFTL
CALRVMNRDDKIIF,GILGFVFTL
CALSDLNQAGTALIF,GILGFVFTL
CALSDSGGSNYKLTF,GILGFVFTL
CALSEAGKTSYDKVIF,GILGFVFTL
CALSEAGRGGSYIPTF,GILGFVFTL
CALSEALVTGGGNKLTF,GILGFVFTL
CALSEASG-GNMLTF,GILGFVFTL
CALSEATSGTYKYIF,GILGFVFTL
CALSGSDYKLSF,GILGFVFTL
CALSGSSVGAAGNKLTF,GILGFVFTL
CALSRAGGTSYGKLTF,GILGFVFTL
CAMNYGGSQGNLIF,GILGFVFTL
CAMRDSQGGSEKLVF,GILGFVFTL
CAMRGDAGGTSYGKLTF,GILGFVFTL
CAMRGDAGGTSYGKLTF,GILGFVFTL
CAMRGDPGGTSYGKLTF,GILGFVFTL
CAMSERNKARLMF,GILGFVFTL
CAMSERN-RLMF,GILGFVFTL
CAMSGDGGSQGNLIF,GILGFVFTL
CAMSGEGGSQGNLIF,GILGFVFTL
CAMSLYSGGGADGLTF,GILGFVFTL
CAQGDGGSQGNLIF,GILGFVFTL
CARNTGNQFYF,GILGFVFTL
CASGGSQGNLIF,GILGFVFTL
CASPGDGGSQGNLIF,GILGFVFTL
CATDAIPSDMRF,GILGFVFTL
CATDALGNGNEKLTF,GILGFVFTL
CATDGEYAGGTSYGKLTF,GILGFVFTL
CATGGSQGNLIF,GILGFVFTL
CATGGSQGNLIF,GILGFVFTL
CATGGSQGNLIF,GILGFVFTL
CAVDDT-GKSTF,GILGFVFTL
CAVDGGGGSQGNLIF,GILGFVFTL
CAVDGGGGSQGNLIF,GILGFVFTL
CAVDGSQGNLIF,GILGFVFTL
CAVGGDGGSQGNLIF,GILGFVFTL
CAV-GGGSQGNLIF,GILGFVFTL
CAVGGSQGNLIF,GILGFVFTL
CAVGGTTDSWGKLQF,GILGFVFTL
CAVGGYGGSQGNLIF,GILGFVFTL
CAVHLSAYSGAGSYQLTF,GILGFVFTL
CAVIGEGGKLTF,GILGFVFTL
CAVINQAGTALIF,GILGFVFTL
CAVKPGTASKLTF,GILGFVFTL
CAVNGGGGSQGNLIF,GILGFVFTL
CAVNLNEKLTF,GILGFVFTL
CAVNNYGQNFVF,GILGFVFTL
CAVNPAEYGNKLVF,GILGFVFTL
CAVNPSNTGKLIF,GILGFVFTL
CAVPKGSQGNLIF,GILGFVFTL
CAVPNT-GKSTF,GILGFVFTL
CAVPPDSWGKLQF,GILGFVFTL
CAVPYGNKLVF,GILGFVFTL
CAVPYSGGGADGLTF,GILGFVFTL
CAVRANFGNEKLTF,GILGFVFTL
CAVRDGTGANNLFF,GILGFVFTL
CAVRDGTGANNLFF,GILGFVFTL
CAVRDIGEYGNKLVF,GILGFVFTL
CAVREVEYGNKLVF,GILGFVFTL
CAVRKFGNEKLTF,GILGFVFTL
CAVRVPDQTGANNLFF,GILGFVFTL
CAVSDDNDMRF,GILGFVFTL
CAVSDSGTGNQFYF,GILGFVFTL
CAVSGSQGNLIF,GILGFVFTL
CAVSGSQGNLIF,GILGFVFTL
CAVSGSQGNLIF,GILGFVFTL
CAVSPVSNFGNEKLTF,GILGFVFTL
CAVSVRMDSSYKLIF,GILGFVFTL
CAVSYGGSQGNLIF,GILGFVFTL
CAVTGGGSQGNLIF,GILGFVFTL
CAVTPGGGSQGNLIF,GILGFVFTL
CAVTPSNTGKLIF,GILGFVFTL
CAVTSNTGKLIF,GILGFVFTL
CAVVASNTGKLIF,GILGFVFTL
CAWGH-GGTSYGKLTF,GILGFVFTL
CAYEVRDDKIIF,GILGFVFTL
CAYGGSQGNLIF,GILGFVFTL
CAYGGSQGNLIF,GILGFVFTL
CAYSPGAGGTSYGKLTF,GILGFVFTL
CAYST-GGTSYGKLTF,GILGFVFTL
CAYSV-GGTSYGKLTF,GILGFVFTL
CAYSYGGSQGNLIF,GILGFVFTL
CGISLGGGSQGNLIF,GILGFVFTL
CIAGASFSGGYNKLIF,GILGFVFTL
CIAHGGGGADGLTF,GILGFVFTL
CLVGSMDSNYQLIW,GILGFVFTL
CVVPESGNTGKLIF,GILGFVFTL
CVVRDNNDMRF,GILGFVFTL
CVVSGDDTGNQFYF,GILGFVFTL
CVVTPGREYGNKLVF,GILGFVFTL
CAGDSGYALNF,PQPELPYPQPE
CALSELSIQGAQKLVF,PQPELPYPQPE
CALSESGANSKLTF,PQPELPYPQPE
CAVRDPLYNFNKF,PQPELPYPQPE
CIEYNFNKF,PQPELPYPQPE
CIVPANTGGFKTIF,PQPELPYPQPE
CIVYGGFKTIF,PQPELPYPQPE
CLVGGGADGLTF,PQPELPYPQPE
CLVGHGSSNTGKLIF,PQPELPYPQPE
CVVNSWAGNQF,PQPELPYPQPE
CIVRAYGNNF,FWIDLFETIG
CIVRVWDAGNNF,FWIDLFETIG
